,,,,,SONG INFO,,,,,,,,,GEMS-DIMENSIONS,,,,,,,,,GEMS-FACTORS,,,,the differentiation of the ratings (indicates how many different items per dimension where used),,,,,,,,,,,,,ICC based on all participants,,,,,
Code,MP3-Code,package,num. Of raters,follow up,Title,Artist,feat.,Year,Genre,Subgenre,Articles,liking,familiarity,wonder,transcendece,tenderness,nostalgia,peacefulness,sadness,tension,energy,joyful activation,sublimity,vitality,unease,,wond_diff,tran_diff,tend_diff,nost_diff,peac_diff,sadn_diff,tens_diff,ener_diff,joya_diff,sublimity_diff,vitality_diff,unease_diff,,ICC_SEL_47_BOTH,ICC_SEL_45_BOTH,ICC_INT_47_BOTH,ICC_INT_45_BOTH,ICC_DIM_BOTH,ICC_FAC_BOTH
H001,H_Trailerpark_Schlech,1,12,1,Schlechter Tag,Trailerpark,NA,2012,Hip Hop,Pop,,3.17,2,15.65,19.68,5.30,3.54,5.08,0.00,11.20,2.35,22.33,18.50,21.15,10.50,,0.06,0.08,0.05,0.02,0.03,0.00,0.07,0.03,0.21,0.05,0.13,0.04,,0.35,0.37,0.27,0.29,0.65,-0.07
H002,H_Desiigner_Panda,1,12,0,Panda,Desiigner,NA,2016,Hip Hop,Trap,,3.83,4.25,24.69,4.69,9.30,0.78,7.92,1.06,9.33,22.73,28.26,19.39,30.32,8.91,,0.14,0.04,0.05,0.04,0.08,0.03,0.10,0.13,0.19,0.07,0.17,0.07,,0.21,0.25,0.38,0.41,0.76,0.62
H003,H_NAS_DooRags,1,12,0,Doo Rags,NAS,NA,2001,Hip Hop,NA,,4,2.08,24.43,18.57,19.88,14.29,17.55,2.50,0.00,27.48,24.67,33.45,36.15,2.11,,0.14,0.08,0.13,0.13,0.13,0.03,0.00,0.20,0.17,0.12,0.18,0.01,,0.42,0.40,0.38,0.36,0.58,0.95
H004,H_DMX_XGonGiv,2,11,0,X Gon' Give It To Ya,DMX,NA,2003,Hip Hop,NA,,4.18,3.91,17.27,7.05,8.60,9.89,9.52,0.73,0.00,37.77,37.27,26.05,40.20,0.61,,0.09,0.03,0.07,0.07,0.06,0.03,0.00,0.20,0.21,0.06,0.21,0.01,,0.51,0.51,0.50,0.49,0.86,0.96
H005,H_Xatar_MeineGr,2,11,0,Meine Große Liebe,Xatar,NA,2015,Hip Hop,NA,,2.64,2,6.46,15.86,9.27,0.00,0.67,0.00,3.79,15.98,13.86,19.42,19.77,3.38,,0.05,0.06,0.04,0.00,0.04,0.00,0.04,0.11,0.06,0.04,0.08,0.02,,0.40,0.24,0.37,0.15,0.52,0.70
H006,H_BiggieSmalls_Hypnoti,2,12,0,Hypnotize,Biggie Smalls,NA,1997,Hip Hop,NA,,3.83,3.58,26.12,12.94,7.75,20.89,17.32,0.00,7.35,13.80,24.72,30.68,23.21,6.89,,0.11,0.07,0.05,0.13,0.10,0.00,0.05,0.07,0.15,0.09,0.11,0.03,,0.41,0.42,0.47,0.47,0.53,0.79
H007,H_Salt-N-Pepa_Shoop,3,34,0,Shoop,Salt-N-Pepa,NA,1993,Hip Hop,NA,,3.47,2.12,10.04,7.40,3.14,4.87,8.91,0.00,2.97,18.51,38.19,20.36,34.69,2.78,,0.07,0.05,0.02,0.02,0.07,0.00,0.02,0.14,0.36,0.05,0.26,0.01,,0.89,0.90,0.89,0.89,0.94,0.96
H008,H_PrinzPi_Laura,3,34,0,Laura,Prinz Pi,NA,2011,Hip Hop,NA,,2.18,1.24,6.54,5.03,4.60,6.95,8.44,9.50,13.60,8.01,3.58,16.56,8.89,16.73,,0.04,0.03,0.04,0.07,0.06,0.10,0.11,0.05,0.03,0.05,0.04,0.10,,0.67,0.45,0.66,0.44,0.17,0.47
H009,H_BlackEyedPeas_WhereIs,3,33,1,Where Is The Love,Black Eyed Peas,NA,2003,Hip Hop,NA,,3.73,3.97,23.57,24.06,4.24,18.32,5.87,10.21,4.68,18.01,22.35,29.50,26.19,11.25,,0.16,0.12,0.02,0.14,0.04,0.11,0.03,0.13,0.18,0.10,0.16,0.06,,0.78,0.78,0.75,0.75,0.85,0.90
H010,H_Blumio_LassMal,4,27,0,Lass Mal Über Haie Reden,Blumio,NA,2009,Hip Hop,NA,,2.7,1.22,6.31,6.55,3.60,1.51,7.13,2.22,14.38,17.83,24.99,16.56,25.45,15.03,,0.03,0.03,0.02,0.01,0.04,0.01,0.12,0.13,0.23,0.03,0.18,0.08,,0.71,0.73,0.70,0.72,0.84,0.58
H011,H_Cyne_OneDay,4,28,0,One Day,Cyne,NA,2009,Hip Hop,Alternative,,3.29,1.36,8.49,5.35,4.76,5.16,11.32,0.49,5.96,19.01,26.94,16.60,27.11,5.75,,0.06,0.04,0.03,0.03,0.09,0.04,0.04,0.18,0.29,0.05,0.24,0.04,,0.75,0.76,0.72,0.73,0.85,0.88
H012,H_Pharcyde_PassinM,4,27,0,Passin' Me By,The Pharcyde,NA,1992,Hip Hop,NA,,3.11,1.56,11.73,4.02,6.11,3.01,8.79,0.00,15.84,13.98,21.59,16.37,22.99,14.56,,0.06,0.03,0.03,0.05,0.07,0.00,0.11,0.10,0.23,0.05,0.17,0.07,,0.71,0.73,0.67,0.69,0.80,0.25
H013,H_GucciMane_ToneItD,5,28,0,Tone It Down,Gucci Mane,Chris Brown,2017,Hip Hop,NA,,2.61,1.57,6.48,6.09,5.04,0.00,11.66,0.69,14.86,18.69,25.62,15.64,27.33,14.13,,0.02,0.04,0.03,0.00,0.06,0.01,0.11,0.15,0.21,0.03,0.19,0.08,,0.67,0.69,0.63,0.65,0.84,0.66
H014,H_Jay-Z_TheStor,5,28,0,The Story Of OJ,Jay-Z,NA,2017,Hip Hop,NA,,2.54,1.57,10.57,7.65,6.28,7.34,19.78,1.98,12.52,12.15,19.27,22.78,20.72,12.64,,0.06,0.04,0.04,0.05,0.14,0.01,0.14,0.07,0.14,0.06,0.11,0.09,,0.47,0.38,0.45,0.37,0.64,0.42
H015,H_2Pac_AllEyez,5,28,0,All Eyez On Me,2Pac,NA,1996,Hip Hop,NA,,2.75,1.93,8.44,6.01,9.27,7.34,17.59,0.81,12.55,12.91,15.62,19.32,22.90,12.17,,0.04,0.03,0.06,0.05,0.11,0.01,0.09,0.07,0.13,0.05,0.10,0.06,,0.40,0.33,0.33,0.27,0.54,0.41
H019,H_KIZ_EinAffe,7,30,0,Ein Affe und ein Pferd,K.I.Z.,NA,2013,Hip Hop,NA,,2.43,2.53,7.31,4.99,4.32,2.45,6.83,0.00,26.66,20.86,21.43,16.94,25.26,23.53,,0.03,0.03,0.02,0.03,0.04,0.00,0.25,0.14,0.14,0.03,0.14,0.15,,0.72,0.74,0.72,0.73,0.88,0.01
H020,H_LLCoolJ_AroundT,7,30,0,Around The Way Girl,LL Cool J,NA,1990,Hip Hop,Pop,,3,1.9,11.41,5.45,11.05,8.03,20.32,1.13,3.79,10.46,26.31,25.68,26.19,4.46,,0.05,0.03,0.09,0.08,0.18,0.02,0.03,0.05,0.19,0.08,0.13,0.03,,0.72,0.71,0.71,0.70,0.84,0.94
H021,H_Coolio_Gangsta,7,30,0,Gangsta's Paradise,Coolio,NA,1995,Hip Hop,NA,,3.87,3.97,18.56,9.36,1.20,15.15,7.30,0.69,5.71,33.96,41.13,24.84,40.99,5.92,,0.11,0.05,0.02,0.13,0.04,0.01,0.05,0.27,0.31,0.07,0.29,0.03,,0.82,0.82,0.84,0.84,0.95,0.97
H022,H_CardiB_BodakYe,8,31,0,Bodak Yellow,Cardi B,NA,2017,Hip Hop,NA,,3.13,3.32,6.40,4.70,2.57,0.99,4.34,0.00,9.67,25.86,28.91,13.16,33.25,8.91,,0.02,0.02,0.01,0.01,0.03,0.00,0.08,0.20,0.24,0.02,0.22,0.05,,0.80,0.81,0.77,0.79,0.93,0.93
H023,H_KillerMike_ADIDAS,8,32,0,A.D.I.D.A.S.,Killer Mike,NA,2003,Hip Hop,"Soll laut Youtube Pop sein, aber für mich ist das eher Hip Hop/Rap",,2.66,1.59,10.76,0.93,1.35,3.98,10.01,1.38,8.17,5.44,24.29,17.89,22.44,7.84,,0.04,0.01,0.01,0.02,0.06,0.01,0.07,0.04,0.23,0.03,0.15,0.05,,0.82,0.82,0.81,0.80,0.87,0.80
H024,H_Beginner_Füchse,8,31,0,Füchse,Beginner,Samy Deluxe,1998,Hip Hop,NA,,3.13,1.71,11.00,8.61,1.70,4.70,17.55,3.03,6.10,10.16,26.09,22.96,24.89,8.01,,0.05,0.04,0.01,0.03,0.12,0.03,0.06,0.06,0.23,0.05,0.15,0.05,,0.75,0.75,0.68,0.68,0.86,0.86
H025,H_ScroobiusPip_LetEmCo,9,27,0,Let 'Em Come,Scroobius Pip,NA,2011,Hip Hop,"Hip-Hop/Rap, Alternative/Indie",,2.19,1.33,4.69,8.36,1.91,0.90,1.67,0.00,28.37,18.47,10.92,9.83,16.81,25.86,,0.03,0.04,0.01,0.01,0.01,0.00,0.20,0.16,0.09,0.02,0.13,0.13,,0.71,0.73,0.67,0.70,0.90,0.70
H026,H_SIDO_Fuffies,9,27,0,Fuffies Im Club,SIDO,NA,2004,Hip Hop,NA,,2.3,1.52,4.13,9.25,2.18,0.86,3.91,0.99,19.37,7.36,16.90,11.70,15.89,17.66,,0.02,0.04,0.02,0.01,0.02,0.01,0.12,0.04,0.12,0.02,0.08,0.08,,0.61,0.54,0.62,0.52,0.82,-0.92
H027,H_ChanceRapper_SummerF,9,27,0,Summer Friends,Chance The Rapper,NA,2016,Hip Hop,NA,,2.33,1.3,1.32,4.04,5.33,4.14,11.39,0.00,11.17,2.97,15.17,14.10,14.72,10.35,,0.01,0.03,0.03,0.04,0.09,0.00,0.07,0.02,0.11,0.04,0.07,0.04,,0.74,0.59,0.67,0.49,0.72,-1.55
H028,H_TwentyonePilots_LaneBoy,10,29,0,Lane Boy,Twentyone Pilots,NA,2015,Hip Hop,Alternative,,2.97,1.9,10.76,7.93,0.64,1.53,7.08,2.35,4.43,20.92,16.68,18.59,22.98,6.13,,0.06,0.04,0.01,0.02,0.03,0.02,0.03,0.15,0.14,0.03,0.15,0.03,,0.69,0.69,0.69,0.69,0.84,0.87
H029,H_BBou_Kanona,10,29,0,Kanona,BBou,NA,2012,Hip Hop,Hip-Hop/Rap,,2.21,1.55,7.54,3.64,5.52,2.05,2.50,1.66,10.68,9.29,8.79,11.31,12.54,10.01,,0.04,0.03,0.03,0.01,0.02,0.01,0.07,0.07,0.09,0.03,0.08,0.05,,0.61,0.32,0.57,0.20,0.43,-6.25
H030,H_Roots_YouGotM,10,29,0,You Got Me,The Roots,Erykah Badu,1999,Hip Hop,NA,,3.1,2.31,13.37,6.01,13.37,17.76,14.37,10.14,5.38,7.31,5.36,26.40,9.56,13.42,,0.10,0.04,0.10,0.15,0.15,0.07,0.05,0.06,0.05,0.10,0.05,0.06,,0.46,0.43,0.45,0.42,0.52,0.89
H031,H_KanyeWest_TouchTh,11,28,0,Touch The Sky,Kanye West,NA,2005,Hip Hop,NA,,3.25,2.96,9.76,5.69,6.00,11.27,10.48,0.52,4.14,14.62,29.14,19.81,30.27,4.20,,0.04,0.02,0.02,0.07,0.08,0.01,0.04,0.09,0.24,0.04,0.18,0.03,,0.73,0.71,0.68,0.68,0.83,0.93
H032,H_PharoaheMonch_LetsGo,11,28,0,Let's Go,Pharoahe Monch,NA,2007,Hip Hop,NA,,2.39,1.46,5.10,7.72,0.00,2.55,8.46,0.00,8.93,13.40,16.68,10.80,18.90,8.09,,0.04,0.04,0.00,0.02,0.04,0.00,0.09,0.09,0.11,0.03,0.10,0.05,,0.57,0.44,0.47,0.38,0.70,0.52
H033,H_Eminem_Mocking,11,28,0,Mockingbird,Eminem,NA,2004,Hip Hop,NA,,3.36,3.29,14.65,5.56,9.60,22.60,7.93,26.58,10.42,5.83,7.61,26.18,12.32,25.57,,0.08,0.03,0.07,0.21,0.08,0.24,0.06,0.03,0.05,0.09,0.04,0.13,,0.72,0.73,0.68,0.69,0.76,0.82
H034,H_Eminem_RapGod,12,27,0,Rap God,Eminem,NA,2013,Hip Hop,NA,,3.26,3.33,18.78,14.83,6.10,9.07,4.96,3.09,17.40,21.32,23.83,27.43,27.86,16.25,,0.12,0.06,0.03,0.05,0.02,0.03,0.17,0.16,0.18,0.06,0.17,0.12,,0.63,0.64,0.54,0.54,0.72,0.54
H035,H_Freundeskreis_A-N-N-A,12,27,0,A-N-N-A,Freundeskreis,NA,1997,Hip Hop,NA,,2.48,1.85,3.52,6.57,12.49,13.05,17.81,8.92,8.48,0.00,3.63,24.45,3.39,13.67,,0.01,0.04,0.10,0.17,0.11,0.10,0.05,0.00,0.01,0.08,0.01,0.07,,0.73,0.64,0.68,0.52,0.64,0.88
H036,H_Eminem_LoseYou,12,27,0,Lose Yourself,Eminem,NA,2002,Hip Hop,NA,,3.78,4.04,17.40,10.07,7.78,17.54,10.52,3.70,10.22,24.18,31.21,25.07,33.03,11.62,,0.08,0.07,0.04,0.11,0.07,0.04,0.10,0.22,0.24,0.07,0.23,0.08,,0.67,0.66,0.65,0.65,0.77,0.84
H037,H_TravisScott_Antidot,13,31,0,Antidote,Travis Scott,NA,2015,Hip Hop,Trap,,2.9,2.42,7.13,6.66,2.62,4.90,6.70,0.77,10.80,14.43,26.95,17.86,29.96,9.92,,0.03,0.03,0.02,0.03,0.04,0.01,0.10,0.10,0.20,0.03,0.16,0.07,,0.67,0.69,0.65,0.68,0.85,0.86
H038,H_KendrickLamar_Cartoon,13,31,0,Cartoons & Cereal,Kendrick Lamar,Gunplay,2012,Hip Hop,Hip-Hop/Rap,,2.45,1.65,7.92,10.46,0.00,3.23,2.81,3.01,22.04,10.32,18.60,16.17,19.20,22.44,,0.06,0.05,0.00,0.02,0.01,0.02,0.19,0.08,0.14,0.03,0.11,0.13,,0.69,0.71,0.64,0.66,0.84,-0.65
H039,H_KanyeWest_Runaway,13,31,0,Runaway,Kanye West,NA,2010,Hip Hop,NA,,2.58,1.84,8.32,1.64,7.10,6.76,8.67,5.16,14.91,3.95,16.82,20.87,15.56,17.65,,0.04,0.01,0.04,0.06,0.08,0.04,0.12,0.03,0.11,0.04,0.07,0.09,,0.58,0.53,0.59,0.50,0.59,-1.36
H040,H_Jay-Z_99Probl,14,44,0,99 Problems,Jay-Z,NA,2004,Hip Hop,NA,,2.77,2.52,5.23,4.71,0.78,3.61,8.72,0.00,11.34,24.08,26.32,11.99,29.55,10.31,,0.03,0.03,0.01,0.02,0.06,0.00,0.10,0.20,0.20,0.03,0.20,0.06,,0.87,0.88,0.86,0.87,0.94,0.93
H041,H_50Cent_InDaClu,14,43,0,In Da Club,50 Cent,NA,2003,Hip Hop,NA,,3.44,3.81,9.26,4.18,3.31,9.81,10.30,0.00,7.59,16.79,35.35,20.29,33.58,6.90,,0.04,0.02,0.01,0.07,0.07,0.00,0.07,0.14,0.30,0.04,0.23,0.04,,0.89,0.90,0.88,0.88,0.94,0.95
H042,H_AkuaNaru_Poetry:,14,43,0,Poetry: How Does It Feel Now,Akua Naru,NA,2011,Hip Hop,NA,,2.88,1.35,11.91,7.95,18.35,10.65,27.33,1.46,6.35,3.57,5.21,26.68,6.99,6.69,,0.06,0.05,0.14,0.10,0.24,0.02,0.06,0.03,0.02,0.11,0.03,0.04,,0.80,0.80,0.82,0.81,0.91,0.95
H043,H_OutKast_BOB,15,30,0,B.O.B.,OutKast,NA,2000,Hip Hop,Hip-Hop/Rap,,2.83,1.83,6.13,9.10,0.16,3.08,6.89,0.44,17.61,22.06,31.78,15.78,32.23,16.10,,0.04,0.07,0.01,0.03,0.05,0.01,0.17,0.17,0.28,0.04,0.23,0.11,,0.83,0.84,0.84,0.85,0.93,0.88
H044,H_JediMindTricks_Deathbe,15,30,0,Deathbed Doctrine,Jedi Mind Tricks,NA,2008,Hip Hop,Hip-Hop/Rap,,2.9,1.23,6.94,4.88,1.82,1.67,3.96,0.00,14.08,23.36,34.41,13.42,34.13,12.59,,0.06,0.03,0.01,0.01,0.03,0.00,0.13,0.23,0.29,0.03,0.26,0.08,,0.85,0.85,0.83,0.83,0.95,0.93
H045,H_Bushido_LebenUn,15,30,0,Leben Und Tod Des Kenneth Glöckler,Bushido,NA,2013,Hip Hop,NA,,2.63,1.5,11.44,11.64,1.02,1.17,5.08,0.71,13.29,26.01,15.84,16.50,26.03,12.63,,0.11,0.08,0.01,0.02,0.05,0.01,0.12,0.26,0.09,0.06,0.17,0.08,,0.71,0.73,0.72,0.74,0.88,0.78
H046,H_BeastieBoys_FightFo,16,25,0,Fight For Your Right,Beastie Boys,NA,1986,Hip Hop,NA,,3.04,2.52,12.72,4.70,1.00,10.34,1.95,0.00,18.68,22.87,26.83,13.74,26.05,16.72,,0.08,0.03,0.02,0.10,0.02,0.00,0.18,0.19,0.32,0.05,0.26,0.12,,0.81,0.82,0.77,0.79,0.88,0.49
H047,H_ActionBronson_ActinCr,16,25,0,Actin Crazy,Action Bronson,NA,2015,Hip Hop,Hip-Hop/Rap,,2.56,1,6.14,5.44,1.06,1.25,13.22,0.96,17.16,12.43,15.14,13.58,16.97,14.81,,0.05,0.02,0.01,0.01,0.10,0.03,0.18,0.11,0.13,0.04,0.12,0.13,,0.72,0.68,0.72,0.69,0.74,-5.40
H048,H_ImmortalTechnique_Leaving,16,25,0,Leaving the past,Immortal Technique,NA,2003,Hip Hop,NA,,2.64,1,10.94,13.31,2.09,10.30,7.96,11.60,12.37,6.81,11.57,21.33,12.17,19.29,,0.07,0.08,0.01,0.06,0.07,0.13,0.12,0.07,0.08,0.06,0.08,0.13,,0.54,0.47,0.50,0.43,0.07,0.47
H049,H_SSIO_Nullkom,17,29,0,Nullkommaneun,SSIO,NA,2016,Hip Hop,NA,,2.52,1.45,8.89,10.41,1.06,1.06,2.75,0.00,23.23,13.34,21.99,17.22,24.18,20.73,,0.04,0.06,0.01,0.01,0.01,0.00,0.23,0.10,0.14,0.03,0.12,0.14,,0.73,0.73,0.70,0.71,0.89,-0.32
H050,H_Wu-TangClan_DaMyste,17,29,0,Da Mystery Of Chessboxin',Wu-Tang Clan,NA,1993,Hip Hop,Hip-Hop/Rap,,2.59,1.45,4.81,4.99,1.45,1.23,2.79,0.00,16.99,20.21,21.34,10.87,24.16,15.63,,0.02,0.02,0.01,0.01,0.02,0.00,0.13,0.17,0.21,0.02,0.19,0.08,,0.80,0.81,0.77,0.78,0.91,0.76
H052,H_PostMalone_Congrat,18,37,0,Congratulations,Post Malone,NA,2016,Hip Hop,Trap,,3.38,3.05,10.36,3.63,4.36,14.12,16.95,1.64,7.61,16.19,26.87,22.85,26.33,8.33,,0.04,0.02,0.04,0.14,0.15,0.01,0.06,0.12,0.24,0.07,0.19,0.04,,0.78,0.79,0.77,0.77,0.86,0.88
H053,H_D-12_FightMu,18,37,0,Fight Music,D-12,NA,2001,Hip Hop,NA,,3.05,2.19,1.15,4.76,0.00,4.53,2.98,0.00,15.29,27.73,20.51,8.03,29.09,14.06,,0.01,0.02,0.00,0.03,0.04,0.00,0.11,0.27,0.17,0.02,0.21,0.07,,0.86,0.86,0.84,0.84,0.94,0.92
H054,H_Jurassic5_WorkItO,18,37,0,Work It Out,Jurassic 5,NA,2006,Hip Hop,NA,,3.08,1.19,6.53,8.44,5.95,8.30,14.53,0.00,7.98,11.39,28.71,23.71,25.77,7.20,,0.04,0.04,0.04,0.09,0.11,0.00,0.06,0.08,0.24,0.06,0.17,0.04,,0.81,0.81,0.79,0.79,0.88,0.90
H055,H_Logic_BlackSp,19,35,0,Black Spiderman,Logic,NA,2017,Hip Hop,NA,,2.49,1.8,8.21,7.90,4.75,4.95,7.22,1.78,11.45,12.53,21.50,17.05,22.88,11.67,,0.05,0.03,0.02,0.04,0.03,0.03,0.11,0.08,0.15,0.04,0.12,0.08,,0.69,0.67,0.63,0.61,0.75,0.63
H056,H_JayZ_HardKno,19,35,0,Hard Knock Life,Jay Z,NA,1998,Hip Hop,NA,,3.29,3.43,11.67,8.00,11.90,12.48,11.44,3.06,7.38,9.07,22.45,26.16,22.28,9.09,,0.05,0.06,0.06,0.09,0.09,0.04,0.05,0.06,0.15,0.07,0.11,0.05,,0.57,0.58,0.60,0.60,0.65,0.88
H057,H_NotoriousBIG_Juicy,19,35,0,Juicy,The Notorious B.I.G.,NA,1994,Hip Hop,NA,,2.91,2.23,10.78,8.22,5.30,8.71,13.60,1.56,4.14,11.28,20.12,23.71,20.88,5.05,,0.06,0.05,0.03,0.06,0.10,0.02,0.03,0.07,0.12,0.06,0.10,0.03,,0.62,0.61,0.57,0.56,0.72,0.90
H058,H_NERDAndRihanna_Lemon,20,24,0,Lemon,N.E.R.D & Rihanna,NA,2017,Hip Hop,Hip-Hop/Rap,,2.58,1.75,5.52,1.94,1.98,3.13,1.24,0.00,12.77,15.43,18.63,9.29,21.40,11.77,,0.02,0.01,0.02,0.02,0.03,0.00,0.08,0.14,0.17,0.02,0.16,0.05,,0.70,0.72,0.63,0.65,0.83,0.65
H059,H_50Cent_CandySh,20,24,0,Candy Shop,50 Cent,Olivia,2005,Hip Hop,NA,,3.5,3.88,7.23,1.94,15.27,12.66,4.45,0.00,3.15,20.87,33.57,22.91,33.39,2.95,,0.05,0.01,0.10,0.06,0.03,0.00,0.02,0.16,0.28,0.05,0.22,0.01,,0.84,0.85,0.84,0.85,0.91,0.96
H060,H_2Pac_KeepYaH,20,24,0,Keep Ya Head Up,2Pac,NA,1993,Hip Hop,NA,,2.92,1.96,4.90,6.02,4.90,5.52,19.81,3.13,3.60,5.89,13.66,21.33,17.36,5.72,,0.04,0.05,0.03,0.04,0.17,0.03,0.03,0.06,0.08,0.07,0.07,0.03,,0.65,0.66,0.62,0.62,0.66,0.81
H061,H_PrinzPi_Gibtdem,21,24,0,Gibt dem Affen Zucker,Prinz Pi,NA,2008,Hip Hop,NA,,2.17,1.13,5.88,1.90,0.00,0.00,2.79,0.00,16.29,14.64,18.63,7.15,19.04,14.42,,0.04,0.01,0.00,0.00,0.03,0.00,0.17,0.11,0.19,0.02,0.16,0.10,,0.80,0.80,0.79,0.79,0.86,0.55
H062,H_GetoBoys_MindPla,21,23,1,Mind Playing Tricks On Me,Geto Boys,NA,1991,Hip Hop,NA,,2.17,1.17,8.41,4.69,0.00,1.28,5.30,0.73,19.64,7.44,11.37,11.75,11.37,17.62,,0.06,0.02,0.00,0.01,0.05,0.01,0.18,0.09,0.12,0.03,0.10,0.12,,0.60,0.59,0.51,0.53,0.76,-0.41
H063,H_Nas_IfIRule,21,23,0,If I Ruled The World (Imagine That),NAS,NA,1996,Hip Hop,NA,,2.65,1.52,7.63,11.36,1.55,4.69,9.66,0.00,8.60,14.57,17.40,17.45,18.21,7.87,,0.04,0.05,0.02,0.03,0.09,0.00,0.08,0.10,0.17,0.05,0.14,0.05,,0.60,0.60,0.63,0.63,0.71,0.62
H065,H_OutKast_MsJacks,22,20,0,Ms. Jackson,OutKast,NA,2000,Hip Hop,NA,,3.15,3.3,14.37,3.35,1.23,22.09,2.43,4.23,6.84,9.15,24.52,26.88,27.53,8.07,,0.08,0.02,0.01,0.14,0.03,0.03,0.06,0.06,0.20,0.05,0.14,0.05,,0.68,0.69,0.68,0.69,0.81,0.86
H066,H_KendrickLamar_i,22,19,0,i,Kendrick Lamar,NA,2015,Hip Hop,NA,,2.42,1.63,4.42,4.05,1.11,0.00,2.15,0.00,14.25,9.28,17.99,7.66,19.37,12.89,,0.04,0.04,0.01,0.00,0.01,0.00,0.14,0.07,0.20,0.02,0.14,0.09,,0.69,0.70,0.62,0.64,0.78,0.45
H067,H_KanyeWest_GoldDig,23,34,0,Gold Digger,Kanye West,Jamie Foxx,2005,Hip Hop,NA,,3.76,4.12,14.46,2.60,3.46,14.93,7.06,0.00,5.93,22.45,41.97,20.98,37.69,5.48,,0.05,0.02,0.02,0.09,0.05,0.00,0.05,0.13,0.38,0.04,0.27,0.03,,0.92,0.92,0.92,0.92,0.95,0.95
H068,H_MaxHerre_1SteLie,23,34,0,1Ste Liebe,Max Herre,NA,2004,Hip Hop,NA,,2.32,1.18,4.51,3.43,7.96,8.71,12.27,0.00,11.04,0.60,12.99,17.22,12.31,10.07,,0.03,0.02,0.05,0.06,0.08,0.00,0.09,0.01,0.09,0.05,0.05,0.06,,0.74,0.34,0.73,0.29,0.73,0.21
H069,H_Future_MaskOff,23,34,0,Mask Off,Future,NA,2017,Hip Hop,Hip-Hop/Rap,,2.68,2.74,10.72,3.11,3.30,6.93,3.42,1.75,12.13,16.74,20.98,15.52,21.11,12.40,,0.06,0.02,0.04,0.06,0.05,0.02,0.08,0.14,0.19,0.05,0.17,0.06,,0.62,0.63,0.67,0.68,0.82,0.39
H070,H_IceCube_ItWasAG,23,34,0,It Was A Good Day,Ice Cube,NA,1992,Hip Hop,NA,,2.38,1.65,3.11,1.94,2.58,9.09,9.70,0.00,12.19,6.00,12.83,16.28,14.94,11.09,,0.01,0.01,0.02,0.07,0.08,0.00,0.09,0.04,0.10,0.04,0.07,0.06,,0.77,0.68,0.75,0.62,0.70,-0.50
H073,H_eRRdeKa_Edoppel,24,43,0,EdoppelR,eRRdeKa,NA,2012,Hip Hop,NA,,2.4,1.4,5.14,2.73,0.00,2.37,7.31,0.90,11.34,7.67,15.93,10.34,16.73,10.43,,0.02,0.01,0.00,0.02,0.06,0.01,0.11,0.04,0.16,0.02,0.10,0.07,,0.78,0.77,0.72,0.70,0.85,0.48
H074,H_YungHurnAndRIN_Bianco,24,43,0,Bianco,Yung Hurn & RIN,NA,2016,Hip Hop,Hip-Hop/Rap,,2.42,1.79,9.08,3.77,3.06,4.10,11.91,1.98,13.91,2.62,11.61,17.84,10.85,13.94,,0.04,0.02,0.02,0.03,0.11,0.02,0.12,0.02,0.08,0.04,0.05,0.08,,0.71,0.68,0.68,0.66,0.75,0.26
H075,H_Blackalicious_Alphabe,25,33,0,Alphabet Aerobics,Blackalicious,NA,1999,Hip Hop,Hip-Hop/Rap,,2.82,1.58,14.55,8.98,0.00,1.00,6.22,0.00,16.79,18.33,24.13,15.76,24.72,15.09,,0.13,0.07,0.00,0.02,0.04,0.00,0.15,0.15,0.22,0.06,0.19,0.10,,0.78,0.79,0.77,0.79,0.90,0.60
H076,H_SSIO_Sim-Kar,25,32,0,Sim-Karte,SSIO,NA,2016,Hip Hop,NA,,2.66,1.75,6.03,5.25,0.00,3.54,6.04,0.00,14.60,17.06,20.07,13.19,22.96,13.27,,0.04,0.05,0.00,0.03,0.04,0.00,0.11,0.16,0.17,0.03,0.17,0.07,,0.72,0.74,0.69,0.71,0.85,0.56
H077,H_Drake_TooMuch,25,32,0,Too Much,Drake,NA,2013,Hip Hop,NA,,2.84,1.5,10.20,9.21,9.67,14.72,13.70,5.10,7.57,11.45,11.79,23.09,14.76,10.61,,0.07,0.06,0.07,0.13,0.09,0.05,0.08,0.09,0.07,0.08,0.08,0.07,,0.28,0.28,0.24,0.22,-0.13,0.73
H078,H_ASAPRocky_Fashion,25,33,0,Fashion Killa,A$AP Rocky,NA,2013,Hip Hop,NA,,2,1.49,4.03,5.66,5.80,4.98,7.83,2.30,10.22,4.95,12.41,13.58,12.22,10.24,,0.02,0.03,0.04,0.04,0.08,0.02,0.09,0.04,0.10,0.04,0.07,0.06,,0.73,0.57,0.78,0.54,0.37,-2.63
H080,H_ObieTrice_Gotsome,26,26,0,Got some Teeth,Obie Trice,NA,2003,Hip Hop,NA,,2.81,1.19,2.02,7.54,3.30,5.24,7.50,0.00,13.02,20.55,32.95,15.47,30.33,12.12,,0.01,0.04,0.02,0.04,0.05,0.00,0.10,0.13,0.31,0.03,0.23,0.06,,0.84,0.85,0.80,0.81,0.92,0.85
H081,H_Cunninlynguists_LoveAin,26,26,0,Love Ain't,CunninLynguists,NA,2003,Hip Hop,NA,,3.08,1.31,8.89,12.87,3.23,12.19,4.71,4.03,11.72,23.18,19.84,23.56,25.49,12.34,,0.05,0.08,0.02,0.11,0.04,0.04,0.14,0.21,0.16,0.06,0.18,0.10,,0.62,0.62,0.61,0.61,0.75,0.73
H083,H_Jay-ZAndKanyeWest_NiXXasI,27,26,0,Ni**as In Paris,Jay-Z & Kanye West,NA,2011,Hip Hop,Hip-Hop/Rap,,3.35,2.69,9.42,6.33,2.24,9.95,2.31,0.00,17.52,32.66,37.82,13.92,36.96,15.92,,0.06,0.04,0.01,0.05,0.01,0.00,0.15,0.26,0.31,0.03,0.29,0.09,,0.88,0.89,0.88,0.89,0.94,0.89
H085,H_CunninLynguists_Valleyo,27,23,0,Valley of Death,CunninLynguists,NA,2007,Hip Hop,Hip-Hop/Rap,,2.7,1.22,11.13,13.24,0.00,13.09,2.78,1.36,9.31,14.14,16.55,18.56,19.03,9.58,,0.07,0.07,0.00,0.09,0.04,0.01,0.12,0.12,0.12,0.05,0.12,0.08,,0.52,0.51,0.44,0.43,0.69,0.54
H087,H_Eminem_TillICo,28,30,0,Till I Collapse,Eminem,NA,2002,Hip Hop,NA,,3.3,3.3,11.90,15.56,1.00,4.90,0.00,0.00,10.10,39.20,26.19,20.87,34.69,9.15,,0.06,0.06,0.01,0.04,0.00,0.00,0.11,0.39,0.18,0.04,0.28,0.07,,0.88,0.89,0.88,0.88,0.95,0.91
H088,H_KendrickLamar_Rigamor,28,30,0,Rigamortus,Kendrick Lamar,NA,2011,Hip Hop,Hip-Hop/Rap,,2.5,1.3,5.64,3.21,1.76,2.13,5.89,1.01,18.51,15.46,20.82,11.22,21.48,17.20,,0.03,0.03,0.01,0.02,0.05,0.02,0.17,0.11,0.18,0.03,0.15,0.12,,0.75,0.75,0.76,0.76,0.88,0.53
H090,H_ChineseMan_IveGotT,28,30,0,I've Got That Tune,Chinese Man,NA,2007,Hip Hop,Hip-Hop/Rap,,3.23,1.43,13.91,6.29,6.16,4.93,16.63,0.00,5.85,14.70,33.20,21.28,30.67,5.39,,0.08,0.04,0.04,0.04,0.17,0.00,0.05,0.07,0.34,0.08,0.22,0.03,,0.83,0.83,0.84,0.84,0.91,0.94
H092,H_KendrickLamar_Alright,29,37,0,Alright,Kendrick Lamar,NA,2015,Hip Hop,NA,,2.24,2,5.77,3.47,0.00,3.72,4.50,0.00,12.11,9.44,15.31,12.57,18.36,10.64,,0.03,0.02,0.00,0.02,0.03,0.00,0.14,0.07,0.10,0.02,0.09,0.08,,0.63,0.64,0.57,0.59,0.78,0.33
H094,H_Eminem_ShakeTh,30,25,0,Shake That,Eminem,Nate Dogg,2005,Hip Hop,NA,,2.88,2.36,5.29,1.94,0.36,7.13,5.69,0.00,6.76,9.08,23.50,12.24,23.18,6.18,,0.05,0.02,0.01,0.05,0.06,0.00,0.06,0.06,0.24,0.04,0.16,0.04,,0.78,0.80,0.77,0.80,0.86,0.84
H095,H_ImmortalTechnique_Freedom,30,25,0,Freedom Of Speech,Immortal Technique,NA,2003,Hip Hop,NA,,2.48,1.28,4.71,3.62,0.41,3.83,5.16,1.17,15.09,10.52,13.60,10.36,16.14,13.64,,0.03,0.02,0.01,0.03,0.06,0.01,0.12,0.11,0.14,0.03,0.13,0.08,,0.59,0.59,0.56,0.56,0.74,-0.50
H096,H_SageFrancis_CrackPi,30,25,0,Crack Pipes,Sage Francis,NA,2002,Hip Hop,Hip-Hop/Rap,,2.28,1.2,5.85,10.56,1.10,7.98,3.96,8.09,14.43,10.49,5.59,15.00,9.49,16.62,,0.05,0.07,0.02,0.08,0.03,0.12,0.15,0.11,0.05,0.05,0.08,0.14,,0.28,0.29,0.25,0.27,0.45,0.12
H097,H_Blackstreet_NoDiggi,30,25,0,No Diggity,Blackstreet,"Dr. Dre, Queen Pen",1996,Hip Hop,NA,,3.36,3,17.72,3.94,4.62,12.42,13.96,0.00,2.16,9.06,21.35,25.15,21.24,2.03,,0.10,0.02,0.05,0.10,0.11,0.00,0.01,0.09,0.19,0.07,0.15,0.01,,0.69,0.70,0.69,0.70,0.80,0.93
H099,H_NAS_NYState,31,20,0,N.Y. State of Mind,NAS,NA,1994,Hip Hop,NA,,2.05,1.2,1.43,6.01,0.00,0.91,4.14,2.40,19.74,17.42,14.07,7.93,18.24,18.34,,0.02,0.04,0.00,0.01,0.04,0.03,0.16,0.15,0.12,0.02,0.13,0.11,,0.63,0.66,0.63,0.65,0.84,0.51
H100,H_NickiMinaj_Moment4,31,20,0,Moment 4 Life,Nicki Minaj,Drake,2010,Hip Hop,Hip-Hop/Rap,,2.95,2,8.60,14.18,0.00,2.00,2.88,0.57,9.69,31.28,27.59,18.32,32.53,8.97,,0.03,0.07,0.00,0.01,0.01,0.02,0.09,0.28,0.25,0.03,0.26,0.06,,0.79,0.80,0.78,0.80,0.89,0.86
H102,H_MissyElliott_WorkIt,32,23,0,Work It,Missy Elliott,NA,2002,Hip Hop,NA,,2.52,2.57,7.69,5.47,1.54,3.32,0.26,0.00,11.66,12.28,24.61,10.13,22.06,10.49,,0.04,0.04,0.02,0.03,0.01,0.00,0.11,0.07,0.19,0.03,0.13,0.07,,0.68,0.64,0.71,0.70,0.84,0.61
H103,H_Marteria_Kids,32,23,0,Kids,Marteria,NA,2014,Hip Hop,NA,,2.13,1.57,3.20,8.71,0.00,2.53,7.05,3.95,12.32,4.67,22.05,11.88,19.79,12.68,,0.03,0.07,0.00,0.02,0.05,0.04,0.13,0.03,0.16,0.04,0.10,0.10,,0.63,0.63,0.61,0.60,0.77,-0.01
H104,H_WizKhalifa_YoungW,22,18,0,"Young, Wild & Free",Wiz Khalifa,Snoop Dogg,2011,Hip Hop,NA,,3.22,3.28,14.78,7.59,5.87,14.76,5.27,0.00,4.74,10.62,36.63,21.36,36.60,4.30,,0.07,0.06,0.04,0.13,0.06,0.00,0.04,0.07,0.18,0.07,0.13,0.03,,0.61,0.62,0.72,0.74,0.83,0.91
H105,H_WhySLKnowPlug_RiteBac,33,27,0,Rite Back,Why SL Know Plug,NA,2016,Hip Hop,NA,,2.56,1.33,7.37,4.78,0.00,0.35,1.38,0.54,9.32,10.88,20.87,8.08,20.31,8.38,,0.04,0.02,0.00,0.01,0.01,0.01,0.10,0.09,0.17,0.02,0.14,0.07,,0.75,0.70,0.75,0.68,0.88,0.78
H106,H_BigSeanftKendrickLamar_Control,33,27,0,Control,Big Sean ft. Kendrick Lamar,Kendrick Lamar,2013,Hip Hop,Hip-Hop/Rap,,2.48,1.22,2.63,5.36,0.00,0.93,1.56,1.09,20.74,12.75,14.93,9.16,15.82,19.16,,0.03,0.03,0.00,0.01,0.01,0.04,0.19,0.11,0.14,0.01,0.13,0.13,,0.70,0.71,0.65,0.67,0.88,0.50
H108,,34,30,0,O.P.P.,Naughty by Nature,NA,1991,Hip Hop,NA,,2.83,1.3,6.79,6.29,13.36,23.79,28.13,0.96,9.18,0.00,3.38,25.78,2.95,8.27,,0.05,0.04,0.13,0.21,0.30,0.03,0.08,0.00,0.03,0.14,0.02,0.06,,0.85,0.85,0.82,0.83,0.92,0.94
H109,H_DrDre_StillDR,34,32,0,Still D.R.E.,Dr. Dre,Snoop Dogg,2001,Hip Hop,NA,,3.84,4.06,8.89,8.60,1.79,16.99,12.21,0.00,6.95,28.87,24.55,23.67,32.20,6.48,,0.05,0.04,0.01,0.10,0.09,0.00,0.05,0.24,0.22,0.06,0.23,0.03,,0.84,0.84,0.83,0.84,0.91,0.96
H110,,34,30,0,Put Your Hands Where My Eyes Can See,Busta Rhymes,NA,1997,Hip Hop,NA,,2.93,1.13,15.19,4.57,12.72,7.69,19.11,0.22,5.28,5.96,23.19,23.21,21.90,4.93,,0.08,0.02,0.12,0.08,0.15,0.01,0.05,0.05,0.22,0.09,0.14,0.03,,0.68,0.68,0.63,0.63,0.85,0.92
H111,H_Haftbefehl_LassDie,35,31,0,Lass Die Affen Aus'm Zoo,Haftbefehl,NA,2014,Hip Hop,NA,,2.26,1.45,3.84,7.80,0.79,3.57,2.40,0.65,27.73,19.32,15.81,13.48,24.19,25.05,,0.02,0.03,0.01,0.02,0.01,0.01,0.22,0.13,0.11,0.02,0.12,0.14,,0.78,0.78,0.75,0.77,0.90,0.60
H112,H_JCole_WetDrea,35,31,0,Wet Dreamz,J. Cole,NA,2014,Hip Hop,NA,,3.48,2.23,18.64,8.50,12.97,13.67,18.98,1.40,7.18,14.22,21.48,26.83,24.18,6.38,,0.10,0.05,0.08,0.09,0.13,0.02,0.06,0.09,0.16,0.09,0.13,0.04,,0.71,0.73,0.71,0.72,0.70,0.90
H113,H_DrDre_NuthinB,35,31,0,Nuthin' But A G thang,Dr. Dre,NA,1992,Hip Hop,NA,,3,2.26,12.32,4.01,4.28,10.18,13.02,1.08,8.89,14.66,25.13,23.10,25.80,8.87,,0.06,0.02,0.02,0.07,0.14,0.01,0.07,0.12,0.23,0.06,0.18,0.05,,0.72,0.73,0.66,0.68,0.79,0.82
H114,H_SoulPosition_Pricele,36,27,0,Priceless,Soul Position,NA,2006,Hip Hop,Alternative,,2.52,1.19,6.96,3.44,3.68,1.30,11.28,0.00,6.30,4.65,20.56,14.85,18.97,5.73,,0.04,0.03,0.02,0.02,0.07,0.00,0.08,0.04,0.18,0.04,0.12,0.05,,0.74,0.67,0.63,0.60,0.86,0.84
H115,H_DieOrsons_Ventila,36,27,0,Ventilator,Die Orsons,NA,2015,Hip Hop,NA,,1.93,1.52,5.37,3.26,0.33,1.46,3.11,0.49,12.04,3.25,14.85,9.70,13.58,10.87,,0.04,0.03,0.01,0.02,0.02,0.01,0.13,0.04,0.15,0.02,0.10,0.08,,0.73,0.72,0.74,0.67,0.85,-0.96
H116,H_MethodManAndRedman_HowHigh,36,27,0,How High,Method Man & Redman,NA,1995,Hip Hop,NA,,2.7,1.74,9.60,1.98,0.91,1.39,10.01,0.00,8.73,12.39,21.36,14.53,24.11,7.87,,0.08,0.03,0.01,0.01,0.07,0.00,0.10,0.13,0.18,0.04,0.16,0.06,,0.61,0.61,0.64,0.65,0.86,0.83
H117,H_PublicEnemy_HarderT,37,29,0,Harder Than You Think,Public Enemy,NA,2007,Hip Hop,Hip-Hop/Rap,,2.9,2.1,13.39,5.92,0.00,4.20,5.23,1.75,13.02,25.14,30.54,16.12,31.50,11.86,,0.08,0.04,0.01,0.03,0.03,0.03,0.11,0.18,0.21,0.04,0.19,0.08,,0.63,0.64,0.70,0.71,0.91,0.85
H118,H_Mattafix_BigCity,37,29,0,Big City Life,Mattafix,NA,2005,Hip Hop,NA,,2.86,2.31,17.52,10.71,7.55,15.31,14.59,0.00,4.52,11.58,23.90,24.89,23.90,4.11,,0.09,0.05,0.06,0.12,0.11,0.00,0.03,0.06,0.20,0.08,0.13,0.02,,0.68,0.68,0.65,0.65,0.76,0.91
H119,H_TylerCreator_Yonkers,37,29,0,Yonkers,Tyler The Creator,NA,2011,Hip Hop,Hip-Hop/Rap,,2.38,1.66,6.18,4.13,3.10,0.00,3.40,2.94,22.72,20.90,10.72,8.25,22.54,20.65,,0.05,0.04,0.01,0.00,0.02,0.02,0.20,0.17,0.08,0.03,0.12,0.13,,0.75,0.68,0.74,0.65,0.85,0.68
H901,H_AedFX_Warning,28,30,0,Warning,AedFX,NA,NA,Hip Hop,Instrumental Hip-Hop,,2.1,1.13,6.59,9.13,1.20,0.00,7.40,2.24,31.73,13.44,22.59,14.82,21.67,27.90,,0.03,0.09,0.01,0.00,0.03,0.02,0.37,0.09,0.18,0.04,0.14,0.24,,0.85,0.86,0.83,0.84,0.92,0.61
H902,H_brillion_Aurora,17,29,1,Aurora,brillion,NA,NA,Hip Hop,Instrumental Hip-Hop,,3.41,1.48,11.88,8.35,23.72,24.92,40.42,1.01,2.52,0.00,5.27,34.25,4.89,2.59,,0.09,0.06,0.15,0.23,0.45,0.02,0.02,0.00,0.04,0.18,0.02,0.02,,0.89,0.89,0.88,0.89,0.96,0.99
H903,H_ClaptuClows_sadocto,24,43,0,sad octopus,ClaptuClows,NA,NA,Hip Hop,Instrumental Hip-Hop,,3.3,1.23,10.13,6.78,16.15,21.97,38.31,2.29,1.39,0.71,2.77,30.76,3.21,3.06,,0.05,0.05,0.14,0.26,0.38,0.02,0.01,0.01,0.02,0.16,0.01,0.02,,0.91,0.92,0.91,0.91,0.96,0.98
H904,H_Claptu_Aper,27,25,0,Aper,Claptu,Beatmund Noise,NA,Hip Hop,Instrumental Hip-Hop,,3.36,1.04,8.26,6.49,23.62,20.86,42.10,0.53,5.52,0.00,4.15,32.35,3.88,5.46,,0.07,0.06,0.14,0.19,0.46,0.01,0.04,0.00,0.02,0.17,0.01,0.03,,0.90,0.91,0.90,0.90,0.94,0.96
H905,H_DECAP_Panther,32,23,1,Panther,DECAP,NA,NA,Hip Hop,Instrumental Hip-Hop,,1.74,1,7.59,9.10,1.39,0.30,2.56,0.00,31.40,8.92,14.71,9.87,14.88,28.39,,0.07,0.11,0.02,0.01,0.04,0.00,0.26,0.09,0.09,0.05,0.09,0.16,,0.70,0.72,0.67,0.70,0.92,0.86
H906,H_Dexter_Everyda,29,37,0,Everyday Like This,Dexter,NA,NA,Hip Hop,Instrumental Hip-Hop,,2.59,1.43,6.97,0.60,5.26,1.17,5.62,0.70,11.19,5.64,17.46,14.20,15.72,10.42,,0.03,0.01,0.04,0.01,0.06,0.01,0.13,0.03,0.15,0.03,0.10,0.08,,0.79,0.78,0.76,0.76,0.80,-0.52
H907,H_DjShadow_Buildin,17,29,1,Building Steam With A Grain of Salt,Dj Shadow,NA,NA,Hip Hop,Instrumental Hip-Hop,,2.34,1.21,5.43,7.22,3.77,4.35,6.07,3.56,23.34,10.26,12.64,18.45,16.79,20.46,,0.03,0.04,0.02,0.03,0.03,0.06,0.23,0.10,0.12,0.03,0.11,0.17,,0.71,0.72,0.65,0.66,0.77,-3.16
H908,H_FigubBrazlevic_SilentL,32,23,0,Silent Lava,Figub Brazlevic,NA,NA,Hip Hop,Instrumental Hip-Hop,,2.22,1.17,0.91,3.53,1.54,0.84,17.83,0.00,15.32,0.42,8.21,14.69,7.69,14.03,,0.01,0.04,0.02,0.02,0.17,0.00,0.11,0.01,0.06,0.05,0.04,0.07,,0.74,0.69,0.77,0.71,0.83,-0.06
H909,H_FloFilz_keepitr,24,43,0,keep it real,Flo Filz,NA,NA,Hip Hop,Instrumental Hip-Hop,,2.86,1.21,11.23,4.47,3.07,7.20,18.80,0.00,11.45,10.57,19.82,19.59,20.23,10.35,,0.05,0.03,0.01,0.06,0.14,0.00,0.11,0.06,0.20,0.06,0.14,0.07,,0.79,0.79,0.77,0.76,0.85,0.69
H910,H_idealism_control,33,27,0,controlla,idealism,NA,NA,Hip Hop,Instrumental Hip-Hop,,3.52,1.22,14.23,5.28,18.58,24.13,38.46,8.32,0.00,2.04,6.51,35.69,6.77,6.97,,0.12,0.03,0.13,0.19,0.40,0.09,0.00,0.02,0.05,0.16,0.04,0.03,,0.86,0.87,0.86,0.86,0.93,0.98
H911,H_JoeyPecoraro_YourFav,35,31,0,Your Favorite Place,Joey Pecoraro,NA,NA,Hip Hop,Instrumental Hip-Hop,,3.52,1.48,16.92,21.69,26.70,14.39,44.77,1.57,6.10,5.55,13.54,37.05,14.65,6.81,,0.11,0.15,0.17,0.10,0.45,0.02,0.05,0.03,0.09,0.19,0.06,0.04,,0.86,0.87,0.85,0.85,0.92,0.95
H912,H_LordFinesse_MidasEr,26,26,0,Midas Era,Lord Finesse,NA,NA,Hip Hop,Instrumental Hip-Hop,,2.69,1.27,11.32,9.46,2.34,8.10,19.45,0.74,13.39,9.36,24.10,20.40,21.78,12.19,,0.06,0.05,0.02,0.05,0.15,0.01,0.12,0.08,0.22,0.07,0.15,0.08,,0.72,0.69,0.68,0.67,0.80,0.40
H913,H_montebooker_23,27,27,0,23,monte booker,NA,NA,Hip Hop,Instrumental Hip-Hop,,2.56,1,9.15,14.09,7.40,5.94,16.07,0.00,17.60,7.07,18.70,22.23,17.64,15.93,,0.04,0.06,0.05,0.07,0.17,0.00,0.15,0.05,0.15,0.08,0.10,0.09,,0.64,0.65,0.57,0.58,0.72,-0.52
H914,H_Philanthropextusken_pueblo,34,33,0,pueblo,Philanthrope x tusken,NA,NA,Hip Hop,Instrumental Hip-Hop,,3.03,1.24,7.52,10.43,10.95,15.10,27.09,2.31,4.04,2.52,6.14,25.86,7.16,5.19,,0.07,0.09,0.09,0.17,0.26,0.04,0.04,0.04,0.06,0.13,0.05,0.04,,0.77,0.76,0.80,0.80,0.89,0.96
H915,H_quicklyquickly_swingth,31,20,0,swing theory,quickly quickly,NA,NA,Hip Hop,Instrumental Hip-Hop,,2.25,1.05,6.20,9.08,3.87,7.41,14.57,0.00,16.51,6.93,13.85,17.89,13.99,15.06,,0.05,0.07,0.02,0.08,0.14,0.02,0.10,0.04,0.13,0.07,0.09,0.07,,0.50,0.38,0.46,0.34,0.52,-4.76
H916,H_SuffDaddy_KCVodka,31,21,0,K C Vodka,Suff Daddy,NA,NA,Hip Hop,Instrumental Hip-Hop,,1.86,1,0.00,3.25,2.00,0.92,8.87,2.29,15.08,6.43,11.40,8.37,11.52,14.28,,0.00,0.02,0.01,0.02,0.11,0.03,0.16,0.05,0.09,0.03,0.07,0.11,,0.83,0.68,0.86,0.70,0.71,-0.59
H917,H_Deli_5_32,26,26,1,5_32,The Deli,NA,NA,Hip Hop,Instrumental Hip-Hop,,2.88,1.19,9.04,9.30,17.07,24.82,39.04,0.00,5.99,0.94,7.83,31.97,7.07,5.56,,0.05,0.05,0.13,0.26,0.45,0.00,0.04,0.02,0.04,0.17,0.03,0.02,,0.90,0.91,0.87,0.87,0.94,0.96
H918,H_TomDoolie_BlueBoo,28,29,0,Blue Book,Tom Doolie,NA,NA,Hip Hop,Instrumental Hip-Hop,,3.62,1.21,11.92,8.82,22.72,19.66,37.97,4.05,0.35,0.00,7.91,29.22,7.29,3.49,,0.10,0.08,0.19,0.20,0.44,0.06,0.02,0.01,0.09,0.19,0.06,0.03,,0.88,0.88,0.89,0.89,0.95,0.97
H919,H_tomppabeats_onetwos,33,27,0,one two step,tomppabeats,NA,NA,Hip Hop,Instrumental Hip-Hop,,3.48,1.04,20.38,3.26,8.55,3.22,14.36,0.00,1.96,11.05,35.98,23.56,32.14,1.83,,0.11,0.02,0.07,0.07,0.12,0.00,0.02,0.07,0.33,0.07,0.21,0.01,,0.83,0.84,0.84,0.85,0.95,0.98
H920,H_NoSpirit_Glowing,29,37,0,Glowing Lights,No Spirit,NA,NA,Hip Hop,Instrumental Hip-Hop,,3.11,1.49,3.72,9.33,12.41,12.84,36.67,3.86,3.32,2.76,1.85,30.18,4.23,5.62,,0.03,0.05,0.08,0.12,0.37,0.03,0.02,0.02,0.01,0.12,0.01,0.02,,0.90,0.91,0.89,0.90,0.94,0.97
K001,K_Bartholdy_Sommern,1,13,0,Sommernachtstraum,Bartholdy,NA,1826,Klassik,Romantik,,3.46,2.08,11.51,16.55,3.03,11.54,11.91,0.96,0.92,11.25,17.87,30.03,22.37,1.59,,0.06,0.09,0.05,0.10,0.08,0.05,0.02,0.09,0.15,0.07,0.13,0.03,,0.39,0.37,0.31,0.29,0.43,0.94
K002,K_Haendel_Lasciac,1,12,0,Lascia ch’io pianga,Händel,NA,1705,Klassik,Barock,,3.08,2.17,9.34,15.99,14.77,9.01,42.24,10.60,2.10,7.05,13.08,34.42,12.18,8.48,,0.06,0.07,0.13,0.06,0.37,0.17,0.02,0.03,0.04,0.14,0.04,0.07,,0.60,0.60,0.60,0.61,0.81,0.88
K003,K_StraussR_DonJuan,1,12,0,Don Juan,"Strauss, R.",NA,1888,Klassik,Romantik,,3.67,2.83,9.90,15.42,7.80,16.30,23.78,2.89,7.18,15.01,15.63,28.53,20.73,8.86,,0.07,0.17,0.05,0.13,0.22,0.08,0.05,0.15,0.08,0.13,0.11,0.06,,0.30,0.32,0.19,0.22,0.26,0.77
K0031,K_Mozart_Overtur,7,30,0,Overture - Marriage Of Figaro,Mozart,NA,1786,Klassik,Klassik,,3.97,3.47,27.31,22.06,6.95,15.89,24.85,0.82,6.18,31.20,36.74,35.02,37.45,6.49,,0.19,0.16,0.05,0.12,0.15,0.01,0.03,0.27,0.27,0.14,0.27,0.03,,0.78,0.78,0.79,0.79,0.92,0.96
K004,K_Alfven_Midsomm,1,12,0,Midsommarvaka,Alfvén,NA,1903,Klassik,Romantik,GEMS_2008,3.33,2.25,22.31,20.75,21.45,5.42,26.17,0.00,2.60,10.39,17.02,32.29,21.82,2.44,,0.15,0.14,0.12,0.04,0.23,0.00,0.02,0.08,0.11,0.14,0.10,0.01,,0.40,0.41,0.43,0.44,0.69,0.91
K005,K_Bartok_PianoSo,1,12,0,Piano Sonata BB 88 (Sz. 80),Bartok,NA,1926,Klassik,Expressionismus,GEMS_2008,2.75,2.08,20.51,13.95,7.58,9.27,7.65,0.00,13.46,10.80,18.02,22.58,20.92,12.11,,0.10,0.08,0.08,0.06,0.03,0.00,0.13,0.07,0.13,0.07,0.10,0.08,,-0.09,-0.09,0.05,0.05,0.34,-0.08
K006,K_Rossini_Wilhelm,2,11,0,Wilhelm Tell (Ouvertüre),Rossini,NA,1829,Klassik,Romantik,,3.64,3.91,18.52,14.73,10.74,9.49,4.53,6.18,2.24,33.39,37.43,29.03,42.38,7.31,,0.08,0.09,0.06,0.05,0.02,0.06,0.02,0.20,0.17,0.06,0.18,0.03,,0.50,0.49,0.51,0.50,0.76,0.92
K007,K_Borodin_FuerstI,2,11,0,Fürst Igor (Chorus),Borodin,NA,1890,Klassik,Romantik,,3,2.09,12.62,20.57,10.04,14.07,25.06,4.97,0.00,5.29,16.65,37.71,17.09,4.19,,0.05,0.11,0.06,0.09,0.18,0.03,0.00,0.04,0.06,0.09,0.05,0.01,,0.15,0.16,0.20,0.20,0.42,0.94
K008,K_Tschaikowski_Gremins,2,12,0,Gremin's Aria (Onegin),Tschaikowski,NA,1878,Klassik,Romantik,,2.92,2.33,14.99,12.60,9.15,8.18,20.77,3.33,8.40,8.05,7.58,27.67,10.72,8.10,,0.07,0.07,0.05,0.08,0.13,0.03,0.07,0.03,0.06,0.08,0.05,0.05,,0.15,-0.04,0.25,0.06,0.01,0.78
K009,K_Bruch_KolNidr,2,11,0,"Kol Nidrei, Adagio for Cello and Orchestra, op. 47",Bruch,NA,1880,Klassik,Romantik,GEMS_2008,2.73,2.18,4.19,12.58,9.91,12.90,17.98,5.68,3.00,3.76,10.38,25.39,12.86,7.07,,0.02,0.06,0.06,0.07,0.15,0.06,0.02,0.02,0.06,0.07,0.04,0.03,,0.42,0.32,0.32,0.18,-0.25,0.63
K010,K_Chopin_Concert,2,12,0,Concerto for Piano no. 1 in e Minor. 2. satz. Larghetto,Chopin,NA,1830,Klassik,Romantik,GEMS_2008,3.25,2,10.45,14.14,23.90,22.87,48.16,5.67,0.00,4.05,9.93,38.88,9.39,4.78,,0.04,0.08,0.17,0.15,0.35,0.06,0.00,0.02,0.06,0.15,0.04,0.02,,0.64,0.65,0.69,0.70,0.87,0.94
K0100,K_Wagner_Tristan,33,27,0,"Tristan & Isolde, Liebestod",Wagner,NA,1865,Klassik,Romantik,,2.26,1.3,14.38,8.56,2.60,5.51,1.82,1.36,20.99,10.61,13.31,15.97,16.11,19.17,,0.12,0.07,0.02,0.07,0.01,0.04,0.19,0.10,0.07,0.06,0.08,0.13,,0.68,0.63,0.65,0.55,0.80,-2.73
K011,K_Tschaikowski_WalzerO,3,33,0,Walzer (Onegin),Tschaikowski,NA,1878,Klassik,Romantik,,3.39,1.52,15.46,6.65,7.51,5.68,16.47,0.00,6.05,21.51,38.31,25.68,36.01,5.56,,0.08,0.04,0.04,0.04,0.10,0.00,0.04,0.16,0.35,0.06,0.27,0.03,,0.87,0.87,0.87,0.87,0.92,0.96
K012,K_Dvorak_9SinfII,3,33,0,9. Sinfonie (II. Largo),Dvorák,NA,1893,Klassik,Romantik,,3.94,2.91,20.49,21.14,29.18,40.71,33.82,20.06,3.51,4.31,6.52,39.59,9.69,16.39,,0.12,0.14,0.21,0.37,0.35,0.18,0.03,0.04,0.04,0.22,0.04,0.09,,0.84,0.84,0.82,0.82,0.92,0.96
K013,K_Mozart_Requiem,3,33,1,Requiem,Mozart,NA,1791,Klassik,Klassik,,3.52,2.94,23.17,17.94,9.58,20.46,12.41,11.93,17.08,10.61,7.69,31.81,11.93,22.06,,0.18,0.13,0.07,0.16,0.08,0.11,0.15,0.07,0.06,0.12,0.06,0.13,,0.63,0.61,0.58,0.57,0.53,0.89
K014,K_Delibes_Coppeli,3,34,0,"Coppelia. Ballet in 3 Acts. First act, prélude",Delibes,NA,1870,Klassik,Romantik,GEMS_2008,3.29,1.88,18.40,17.35,3.76,5.75,18.70,0.75,5.19,25.20,38.40,27.53,36.97,5.36,,0.12,0.10,0.02,0.04,0.11,0.01,0.04,0.24,0.37,0.08,0.31,0.03,,0.87,0.88,0.88,0.88,0.93,0.96
K015,K_Holst_ThePlan,3,34,0,"The Planets, op. 32. Mars",Holst,NA,1914,Klassik,Romantik,GEMS_2008,2.85,1.74,20.23,18.96,3.14,5.89,4.53,0.29,33.16,15.96,16.34,25.22,20.17,28.86,,0.11,0.09,0.02,0.06,0.03,0.01,0.31,0.16,0.08,0.06,0.12,0.20,,0.84,0.84,0.85,0.85,0.91,0.36
K016,K_Mozart_DieZaub,4,27,0,Die Zauberflöte,Mozart,NA,1791,Klassik,Klassik,,2.85,1.78,12.52,15.32,11.57,9.64,15.75,0.00,7.00,4.41,15.89,21.60,16.78,6.42,,0.10,0.12,0.09,0.08,0.16,0.00,0.04,0.03,0.15,0.11,0.09,0.03,,0.51,0.51,0.45,0.46,0.71,0.81
K017,K_Faure_Romance,4,28,0,Romance sans Paroles,Fauré,NA,1880,Klassik,Impressionismus,,3.57,1.32,12.65,15.02,29.32,23.11,38.24,4.56,1.11,1.48,7.93,34.41,8.51,3.84,,0.10,0.10,0.25,0.21,0.36,0.05,0.01,0.01,0.06,0.20,0.04,0.03,,0.82,0.81,0.81,0.81,0.94,0.97
K018,K_Malipiero_Risonan,4,28,0,Risonanze,Malipiero,NA,1918,Klassik,(Spät-)romantik,,3.86,2.46,16.70,27.08,12.18,19.57,8.40,6.38,12.59,24.49,14.87,33.30,27.37,14.88,,0.10,0.17,0.07,0.19,0.05,0.05,0.08,0.21,0.07,0.12,0.13,0.07,,0.68,0.66,0.66,0.65,0.68,0.87
K019,K_Liszt_Benedic,4,28,1,Bénédiction de Dieu Dans la Solitude,Liszt,NA,1847,Klassik,Romantik,GEMS_2008,3.61,1.43,13.99,17.97,24.85,28.93,43.98,0.00,4.50,3.46,6.23,37.74,8.82,4.21,,0.10,0.13,0.24,0.25,0.40,0.00,0.04,0.02,0.04,0.21,0.03,0.02,,0.84,0.84,0.84,0.85,0.95,0.98
K020,K_Mendelssohn_SongWit,4,27,0,"Song Without Words, op. 19, No. 1",Mendelssohn,NA,1832,Klassik,Romantik,GEMS_2008,3.81,1.33,16.71,14.52,29.91,21.88,36.24,3.40,0.73,2.42,10.57,35.17,9.73,2.70,,0.13,0.08,0.24,0.21,0.31,0.05,0.01,0.02,0.07,0.19,0.05,0.02,,0.83,0.83,0.82,0.83,0.93,0.98
K021,K_Mozart_Einekle,5,28,0,Eine kleine Nachtmusik: 1. satz ,Mozart,NA,1787,Klassik,Klassik,GEMS_2008,3.75,3.25,21.72,19.33,9.47,10.38,24.51,0.00,4.07,15.53,40.69,32.33,35.67,3.73,,0.14,0.10,0.05,0.07,0.17,0.00,0.05,0.16,0.39,0.11,0.29,0.03,,0.84,0.85,0.85,0.85,0.92,0.97
K022,K_Humperdinck_Haensel,5,28,0,Hänsel und Gretel (Ouvertüre),Humperdinck,NA,1893,Klassik,Romantik,,3.36,1.54,20.42,11.53,27.09,23.98,34.68,1.29,4.50,5.07,11.56,34.21,14.97,5.30,,0.13,0.07,0.20,0.17,0.28,0.01,0.02,0.04,0.07,0.16,0.05,0.02,,0.75,0.75,0.75,0.75,0.91,0.95
K023,K_Strawinsky_Feuervo,5,28,1,Feuervogel Suite,Strawinsky,NA,1910,Klassik,Expressionismus,,3.5,2.96,23.85,32.16,12.51,15.17,6.94,6.39,13.38,20.46,12.47,30.76,24.45,15.17,,0.17,0.29,0.07,0.16,0.06,0.06,0.10,0.17,0.08,0.15,0.12,0.09,,0.67,0.66,0.59,0.58,0.80,0.85
K024,K_Milhaud_Scaramo,5,28,0,Scaramouche: Brazileira,Milhaud,NA,1936,Klassik,Moderne,GEMS_2008,3.11,1.64,21.46,16.00,9.86,10.07,14.75,0.00,8.76,19.50,32.88,29.27,30.75,7.85,,0.17,0.10,0.05,0.06,0.09,0.00,0.11,0.11,0.35,0.10,0.24,0.07,,0.76,0.77,0.76,0.77,0.86,0.94
K025,K_Saint-Saens_Carniva,5,28,0,Carnival of Animals: Finale,Saint-Saens,NA,1886,Klassik,Romantik,GEMS_2008,3.39,1.93,23.26,15.54,5.25,12.86,11.13,0.00,8.62,20.42,33.93,26.63,33.93,7.94,,0.16,0.07,0.04,0.10,0.06,0.00,0.06,0.14,0.34,0.09,0.25,0.04,,0.80,0.80,0.80,0.80,0.87,0.93
K029,K_Chopin_Impromp,7,30,0,Impromptu No. 2,Chopin,NA,1840,Klassik,Romantik,,3.53,1.83,16.91,14.87,24.59,23.26,43.46,5.96,1.82,4.30,14.18,37.17,13.06,4.70,,0.14,0.09,0.21,0.22,0.38,0.07,0.01,0.02,0.08,0.20,0.05,0.03,,0.85,0.85,0.86,0.87,0.93,0.97
K030,K_Beethoven_Mondsch,7,30,0,Mondscheinsonate,Beethoven,NA,1801,Klassik,Klassik,,3.67,2.9,22.84,20.41,13.15,26.94,30.57,21.59,7.17,4.28,10.54,35.97,10.56,20.11,,0.13,0.11,0.10,0.25,0.27,0.24,0.05,0.02,0.04,0.17,0.03,0.13,,0.76,0.76,0.74,0.74,0.80,0.93
K031,K_Beethoven_9Sympho,8,31,0,"9. Symphonie, 2. Satz (Toscanini)",Beethoven,NA,1824,Klassik,Klassik,,3.74,1.87,6.95,13.29,1.14,9.68,8.64,0.00,14.75,23.31,27.03,25.30,32.55,13.31,,0.05,0.09,0.01,0.06,0.05,0.00,0.14,0.22,0.16,0.05,0.19,0.09,,0.74,0.74,0.72,0.72,0.87,0.88
K032,K_Debussy_Clairde,8,31,0,Clair de lune,Debussy,NA,1905,Klassik,Impressionismus,,3.58,2.61,15.12,14.75,19.58,27.66,26.46,6.45,4.37,3.48,3.48,32.07,5.52,9.48,,0.08,0.11,0.14,0.32,0.27,0.05,0.04,0.02,0.03,0.17,0.02,0.04,,0.80,0.80,0.79,0.79,0.88,0.96
K033,K_Beethoven_Symphon,8,31,0,Symphony No.5 in C minor Op.67,Beethoven,NA,1808,Klassik,Klassik,,3.74,4.03,14.81,18.32,5.64,11.87,7.31,1.53,25.12,36.01,25.09,24.24,34.22,23.33,,0.11,0.15,0.05,0.10,0.07,0.01,0.15,0.36,0.19,0.10,0.26,0.10,,0.78,0.78,0.76,0.76,0.90,0.56
K034,K_Tschaikowski_Schwane,9,26,0,Schwanensee,Tschaikowski,NA,1877,Klassik,Romantik,,3.62,3.23,21.49,23.08,18.85,18.60,8.31,8.33,5.98,16.66,18.87,26.80,22.31,8.26,,0.18,0.18,0.16,0.19,0.07,0.05,0.03,0.14,0.12,0.16,0.13,0.04,,0.56,0.54,0.59,0.59,0.71,0.92
K035,K_Debussy_Prelude,9,26,0,Prélude à l’après-midi d’un faune,Debussy,NA,1894,Klassik,Impressionismus,,3.15,1.69,20.10,14.42,12.22,24.22,22.03,6.69,5.30,2.47,11.03,31.57,11.32,10.53,,0.12,0.10,0.08,0.17,0.20,0.05,0.04,0.02,0.06,0.13,0.05,0.04,,0.60,0.60,0.57,0.58,0.77,0.92
K036,K_Ligeti_EtuedeA,9,26,0,Etüde Arc en Ciel,Ligeti,NA,1985,Klassik,Neue Musik,,2.65,1.39,13.22,15.67,9.01,16.95,16.30,6.39,20.08,0.72,3.66,23.15,4.07,20.58,,0.07,0.11,0.07,0.14,0.14,0.08,0.16,0.01,0.02,0.10,0.01,0.13,,0.55,0.55,0.43,0.44,0.73,0.88
K037,K_Haendel_SinfinB,10,29,0,Sinfonie in B-Dur (HWV 339),Händel,NA,1709,Klassik,Barock,,3.21,1.9,14.65,7.83,6.77,2.97,6.67,0.00,8.83,19.90,28.09,19.32,30.16,8.07,,0.09,0.05,0.04,0.03,0.05,0.00,0.07,0.16,0.24,0.05,0.20,0.04,,0.70,0.70,0.69,0.69,0.88,0.90
K038,K_Mahler_6Sympho,10,29,0,"6. Symphony, Andante, (Karajan)",Mahler,NA,1904,Klassik,Romantik,,3.31,1.59,14.35,11.25,13.86,12.81,20.58,5.10,3.17,6.93,6.14,28.37,10.79,6.33,,0.13,0.10,0.14,0.13,0.20,0.03,0.03,0.04,0.04,0.14,0.04,0.03,,0.56,0.55,0.58,0.57,0.66,0.94
K039,K_Messiaen_Quatuor,10,28,0,Quatuor pour la fin du Temps,Messiaen,NA,1941,Klassik,Moderne,,2.5,1.5,10.19,14.68,6.83,8.68,5.61,19.53,20.55,1.03,4.26,19.56,3.93,27.87,,0.07,0.10,0.05,0.06,0.05,0.17,0.18,0.01,0.03,0.07,0.02,0.17,,0.67,0.69,0.71,0.72,0.79,0.93
K040,K_Mozart_Overtue,11,28,0,Overtüre - Die Entführung aus dem Serail,Mozart,NA,1782,Klassik,Klassik,,3.04,2,16.84,15.53,5.44,9.58,9.51,0.48,4.60,26.94,27.70,25.80,31.41,4.68,,0.08,0.09,0.03,0.06,0.06,0.01,0.04,0.16,0.22,0.07,0.20,0.03,,0.69,0.68,0.73,0.72,0.88,0.95
K041,K_Beethoven_SinfNr6,11,28,0,Sinfonie Nr. 6,Beethoven,NA,1808,Klassik,Kassik,,3,1.64,19.39,13.44,14.49,8.08,16.65,2.38,1.62,9.08,17.08,29.55,18.12,3.46,,0.11,0.09,0.11,0.07,0.11,0.01,0.02,0.05,0.12,0.10,0.09,0.02,,0.49,0.49,0.42,0.43,0.73,0.96
K042,K_Mozart_Laudate,11,28,0,Laudate Dominum,Mozart,NA,1780,Klassik,Klassik,,2.68,1.5,15.10,21.03,3.43,2.55,8.07,2.31,18.18,17.30,12.94,25.60,21.57,16.72,,0.11,0.13,0.01,0.02,0.05,0.01,0.11,0.18,0.06,0.07,0.11,0.08,,0.49,0.51,0.47,0.48,0.77,0.12
K043,K_Chopin_EtuedeO,12,27,0,Etüde Op. 25 No. 1,Chopin,NA,1837,Klassik,Romantik,,3.48,1.85,16.16,17.79,22.35,16.93,21.58,3.33,0.67,6.33,12.03,33.54,12.01,3.44,,0.16,0.11,0.14,0.17,0.17,0.03,0.01,0.05,0.07,0.15,0.06,0.01,,0.66,0.66,0.62,0.62,0.81,0.97
K044,K_Albinoni_Concert,12,27,0,"Concerto a cinque No. 2, Op. 9",Albinoni,NA,1722,Klassik,Barock,,3.48,1.89,16.95,14.01,14.84,18.89,20.73,2.36,4.18,13.64,18.20,33.01,22.59,5.43,,0.12,0.10,0.07,0.17,0.16,0.05,0.02,0.08,0.12,0.12,0.10,0.03,,0.62,0.61,0.55,0.54,0.63,0.94
K045,K_Brahms_Klavier,12,27,1,Klaviersonate Nr. 3 (Zwei Klaviere),Brahms,NA,1854,Klassik,Romantik,,3.22,1.96,10.50,14.07,10.57,8.05,11.81,5.93,12.65,20.61,11.76,23.16,19.65,16.29,,0.07,0.10,0.06,0.07,0.09,0.05,0.10,0.13,0.09,0.08,0.11,0.08,,0.55,0.57,0.47,0.49,0.19,-0.43
K046,K_Haendel_DerMess,13,31,1,Der Messias (Hallelujah),Händel,NA,1741,Klassik,Barock,,2.81,1.94,10.01,11.02,8.32,8.27,11.97,3.96,9.78,19.24,7.62,22.95,20.88,12.43,,0.07,0.09,0.06,0.06,0.08,0.02,0.07,0.17,0.05,0.07,0.11,0.05,,0.39,0.39,0.30,0.26,0.40,0.61
K047,K_Palestrina_MissaBr,13,31,0,Missa Brevis (Kyrie),Palestrina,NA,1570,Klassik,Renaissance,,2.94,2.07,14.04,21.83,12.33,16.12,27.02,6.56,6.67,6.54,2.45,30.50,8.24,11.47,,0.09,0.13,0.06,0.14,0.26,0.04,0.06,0.03,0.02,0.13,0.02,0.05,,0.69,0.70,0.61,0.63,0.83,0.93
K048,K_Brahms_KSNr3Zw,13,31,0,"Klavierquartett Nr. 3 in C-Moll, 3. Satz",Brahms,NA,1875,Klassik,Romantik,,3.19,1.74,15.38,6.93,21.36,25.04,24.47,11.91,10.74,0.00,1.56,33.03,1.46,17.39,,0.09,0.04,0.16,0.25,0.22,0.12,0.07,0.00,0.01,0.14,0.01,0.09,,0.76,0.77,0.76,0.76,0.86,0.97
K049,K_Tschaikowski_Symphon,14,44,0,"Symphony, 1 Scherzo",Tschaikowski,NA,1866,Klassik,Romantik,,3.25,1.91,11.38,13.16,6.19,8.66,12.04,0.00,12.06,11.73,21.09,22.19,21.77,10.77,,0.09,0.11,0.05,0.09,0.07,0.00,0.14,0.10,0.18,0.08,0.14,0.09,,0.66,0.66,0.64,0.64,0.80,0.81
K050,K_Bartok_Sonata2,14,43,0,Sonata 2 pianos percussion,Bartok,NA,1937,Klassik,Expressionismus,,2.44,1.37,13.78,13.98,2.36,3.72,6.72,0.00,27.35,9.82,12.12,21.20,14.23,24.22,,0.09,0.09,0.01,0.02,0.03,0.00,0.29,0.08,0.09,0.05,0.09,0.18,,0.83,0.84,0.78,0.78,0.91,0.64
K051,K_Schumann_Fantasi,14,43,0,Fantasie in C-Dur,Schumann,NA,1839,Klassik,Romantik,,3.28,1.81,15.50,16.30,11.49,22.83,21.18,3.86,4.62,5.94,10.23,30.44,12.18,7.24,,0.12,0.11,0.11,0.19,0.19,0.05,0.04,0.03,0.07,0.14,0.05,0.05,,0.70,0.70,0.70,0.70,0.84,0.96
K052,K_Schumann_Kinders,15,30,0,Kinderszenen,Schumann,NA,1838,Klassik,Romantik,,2.8,1.4,8.85,6.89,5.27,4.60,20.19,0.00,8.96,7.20,20.13,23.29,18.94,8.23,,0.05,0.05,0.05,0.04,0.13,0.00,0.09,0.05,0.16,0.06,0.11,0.05,,0.51,0.42,0.58,0.50,0.82,0.85
K053,K_Grieg_Norwegi,15,30,0,Norwegische Tänze,Grieg,NA,1881,Klassik,Romantik,,3.1,1.57,18.48,18.51,2.16,1.56,4.74,0.69,19.45,29.56,26.69,23.38,33.37,18.23,,0.11,0.12,0.01,0.02,0.03,0.01,0.19,0.27,0.20,0.06,0.23,0.13,,0.77,0.77,0.74,0.75,0.93,0.82
K054,K_Schumann_EtudeS,15,30,0,Études Symphoniques,Schumann,NA,1837,Klassik,Romantik,,3.47,1.47,16.99,16.16,27.60,29.71,35.44,4.47,4.13,1.58,11.50,35.34,12.05,5.58,,0.13,0.10,0.27,0.26,0.37,0.06,0.05,0.01,0.08,0.22,0.05,0.05,,0.83,0.83,0.83,0.83,0.91,0.96
K055,K_JSBach_Konzert,16,25,0,"Konzert 2 Violinen, 2. Satz",J.S. Bach,NA,1730,Klassik,Barock,,3.4,1.4,15.97,7.57,20.51,22.33,40.18,5.24,3.38,3.34,9.30,31.35,11.66,4.72,,0.13,0.07,0.24,0.23,0.42,0.09,0.03,0.03,0.06,0.21,0.05,0.06,,0.83,0.83,0.84,0.84,0.92,0.95
K056,K_Mozart_25SinfI,16,25,0,25. Sinfonie (I. Allegro con brio),Mozart,NA,1773,Klassik,Klassik,,3.64,1.84,18.32,16.76,3.93,13.50,7.39,2.13,11.25,20.48,32.90,21.53,30.82,11.87,,0.13,0.12,0.05,0.10,0.06,0.01,0.14,0.18,0.28,0.09,0.23,0.10,,0.68,0.68,0.71,0.71,0.87,0.86
K057,K_Beethoven_SonateN,16,25,0,"Sonate Nr. 8, 2. Satz",Beethoven,NA,1799,Klassik,Klassik,,3.76,2.44,13.29,16.25,25.90,30.49,42.22,20.01,4.18,0.84,3.75,37.80,4.15,16.31,,0.11,0.15,0.21,0.36,0.41,0.24,0.02,0.01,0.03,0.23,0.02,0.11,,0.82,0.82,0.82,0.82,0.91,0.96
K058,K_Bizet_CarmenH,17,29,0,Carmen (Habanera),Bizet,NA,1875,Klassik,Romantik,,3.28,3.17,18.65,7.02,9.36,13.29,11.29,3.29,4.49,17.78,19.40,24.70,23.98,6.91,,0.15,0.08,0.08,0.13,0.10,0.05,0.03,0.14,0.18,0.11,0.16,0.04,,0.42,0.42,0.41,0.42,0.70,0.89
K059,K_Chopin_Revolut,17,29,0,Revolutionary Etude,Chopin,NA,1831,Klassik,Romantik,,2.93,1.62,14.33,13.90,1.80,6.45,4.19,1.97,13.13,15.66,16.56,22.55,19.43,11.91,,0.10,0.09,0.01,0.07,0.04,0.05,0.15,0.14,0.12,0.07,0.13,0.11,,0.63,0.63,0.59,0.60,0.76,0.68
K060,K_Liszt_Spanish,17,29,0,Spanish Rhapsody,Liszt,NA,1863,Klassik,Romantik,,3.21,1.66,15.84,12.90,20.55,26.00,30.05,1.26,3.82,1.63,10.98,33.08,10.40,4.59,,0.14,0.09,0.19,0.24,0.31,0.01,0.04,0.01,0.10,0.19,0.06,0.03,,0.79,0.79,0.81,0.81,0.90,0.97
K061,K_Brahms_SonateN,18,37,0,"Sonate Nr. 2 für Klarinette, 1. Satz",Brahms,NA,1894,Klassik,Romantik,,3.32,1.3,11.86,14.94,22.58,29.32,34.07,0.88,4.44,4.09,9.57,35.03,9.60,4.17,,0.10,0.08,0.16,0.26,0.34,0.03,0.07,0.04,0.06,0.18,0.05,0.05,,0.84,0.85,0.85,0.85,0.93,0.98
K062,K_Mussorgsky_Bildere,18,37,0,Bilder einer Ausstellung,Mussorgsky,NA,1874,Klassik,Impressionismus,,3.11,1.32,19.80,16.89,0.00,4.46,0.00,0.00,27.98,33.41,24.73,22.66,31.42,25.16,,0.12,0.10,0.00,0.02,0.00,0.00,0.26,0.28,0.18,0.06,0.22,0.16,,0.88,0.87,0.87,0.86,0.95,0.50
K063,K_Debussy_Arabesq,18,37,0,Arabesque No. 1,Debussy,NA,1891,Klassik,Impressionismus,,3.57,1.41,15.65,21.12,28.94,33.15,44.04,3.35,1.27,1.09,7.99,38.90,7.28,3.79,,0.12,0.12,0.24,0.31,0.37,0.05,0.02,0.01,0.05,0.22,0.03,0.03,,0.89,0.89,0.90,0.89,0.96,0.99
K064,K_Skrjabin_Prelude1,19,35,0,Preludes op. 11 no. 1,Skrjabin,NA,1896,Klassik,Impressionismus,,3.26,1.54,17.03,13.71,17.60,22.26,23.20,8.58,1.13,5.73,9.39,31.58,12.10,7.02,,0.08,0.10,0.14,0.17,0.22,0.11,0.02,0.03,0.05,0.14,0.04,0.05,,0.73,0.73,0.68,0.68,0.84,0.96
K065,K_Tschaikowski_Slawisc,19,35,0,Slawischer Marsch,Tschaikowski,NA,1876,Klassik,Romantik,,2.46,1.8,13.06,15.02,4.61,4.00,4.44,1.61,27.12,16.53,15.80,19.94,21.61,23.64,,0.07,0.09,0.02,0.03,0.02,0.03,0.27,0.14,0.09,0.05,0.11,0.18,,0.81,0.81,0.78,0.78,0.87,-2.87
K066,K_Verdi_derTrou,19,35,0,der Troubadour,Verdi,NA,1851,Klassik,Romantik,,2.6,1.49,12.46,12.97,5.70,3.04,13.42,0.00,6.25,16.89,21.01,24.55,25.70,5.82,,0.06,0.06,0.05,0.01,0.09,0.00,0.04,0.12,0.15,0.06,0.14,0.03,,0.67,0.62,0.63,0.60,0.85,0.95
K067,K_Lalo_Symphon,20,24,0,Symphonie espagnole,Lalo,NA,1874,Klassik,Romantik,,3.29,1.92,20.84,16.72,7.27,9.88,14.65,0.00,4.87,13.35,27.97,25.99,25.76,4.54,,0.15,0.12,0.04,0.07,0.10,0.00,0.03,0.08,0.22,0.10,0.16,0.02,,0.61,0.60,0.62,0.62,0.86,0.93
K068,K_Verdi_Requiem,20,24,0,Requiem (Dies Irae),Verdi,NA,1874,Klassik,Romantik,,3.04,2.42,10.72,20.72,0.43,1.02,2.25,1.62,23.80,31.66,18.67,22.96,29.79,21.88,,0.10,0.10,0.01,0.01,0.02,0.03,0.20,0.31,0.10,0.05,0.19,0.14,,0.79,0.78,0.77,0.76,0.90,-0.03
K069,K_Beethoven_Violine,20,24,0,"Violinensonate Nr. 5 ""Frühlingssonate""",Beethoven,NA,1802,Klassik,Klassik,,3.58,2.21,18.60,16.22,12.13,19.30,23.86,3.53,3.17,1.58,13.68,28.51,13.30,5.74,,0.11,0.10,0.15,0.14,0.21,0.03,0.03,0.02,0.10,0.14,0.06,0.03,,0.56,0.57,0.56,0.55,0.79,0.91
K070,K_Beethoven_SinfNr9,21,24,0,Sinfonie Nr. 9,Beethoven,NA,1824,Klassik,Klassik,,3.04,1.63,18.20,12.36,13.00,17.91,29.31,1.08,4.64,1.55,8.39,28.51,9.03,4.18,,0.15,0.08,0.10,0.18,0.33,0.01,0.04,0.01,0.06,0.16,0.04,0.03,,0.78,0.78,0.73,0.74,0.86,0.94
K071,K_Shostakovich_Symphon,21,23,0,Symphony no. 11 in g Minor op. 103. 2. satz ,Shostakovich,NA,1957,Klassik,Moderne,GEMS_2008,2.35,1.22,9.85,11.59,0.00,3.42,3.34,0.00,34.66,18.31,8.59,20.90,19.14,31.05,,0.05,0.07,0.00,0.02,0.03,0.00,0.31,0.18,0.09,0.04,0.13,0.20,,0.76,0.76,0.73,0.73,0.91,0.64
K072,K_Copland_Appalac,21,23,0,Appalachian Suite,Copland,NA,1944,Klassik,Moderne,,3.13,2.04,19.03,13.53,11.87,21.34,29.51,5.04,1.98,5.24,14.03,30.70,12.63,6.11,,0.15,0.09,0.10,0.16,0.29,0.03,0.03,0.03,0.16,0.15,0.10,0.03,,0.70,0.70,0.67,0.67,0.83,0.94
K073,K_Tschaikowski_MarschN,22,19,0,Marsch (Nussknacker),Tschaikowski,NA,1892,Klassik,Romantik,,3.21,3.53,14.92,6.93,4.35,18.95,12.76,0.74,0.00,24.25,24.87,29.32,35.95,0.62,,0.10,0.07,0.04,0.16,0.07,0.02,0.00,0.16,0.19,0.09,0.18,0.01,,0.65,0.64,0.60,0.59,0.82,0.98
K074,K_Vivaldi_4JahrWi,22,20,0,Die 4 Jahreszeiten (Winter),Vivaldi,NA,1725,Klassik,Barock,,3.05,2.5,15.99,13.99,4.11,7.81,5.07,2.03,14.71,17.84,17.73,22.44,22.61,14.27,,0.08,0.11,0.03,0.06,0.03,0.02,0.11,0.13,0.13,0.07,0.13,0.08,,0.45,0.47,0.39,0.42,0.61,0.04
K075,K_Rachmaninow_Paganin,22,20,0,Paganini Variations No. 18,Rachmaninow,NA,1934,Klassik,Romantik,,3.35,1.4,20.82,8.28,18.92,25.40,41.46,2.63,2.31,4.08,16.51,33.49,17.38,4.34,,0.11,0.08,0.13,0.25,0.43,0.02,0.04,0.02,0.07,0.19,0.05,0.03,,0.83,0.83,0.80,0.81,0.90,0.92
K076,K_Brahms_SinfNr4,23,34,0,Sinfonie Nr. 4,Brahms,NA,1885,Klassik,Romantik,,3.62,1.35,16.90,22.00,16.25,20.25,21.83,5.00,7.29,9.59,10.48,31.14,13.13,10.23,,0.12,0.15,0.10,0.17,0.22,0.05,0.05,0.08,0.06,0.15,0.07,0.05,,0.59,0.58,0.57,0.56,0.72,0.92
K077,K_Chopin_Prelude,23,34,0,Prelude No. 16 in B-Moll,Chopin,NA,1839,Klassik,Romantik,,2.68,1.24,11.40,12.43,2.67,5.18,3.95,0.37,27.93,17.91,20.03,17.86,21.11,25.12,,0.09,0.06,0.02,0.03,0.03,0.01,0.27,0.14,0.15,0.05,0.14,0.17,,0.77,0.78,0.70,0.71,0.89,-0.08
K078,K_Franck_Violins,24,43,0,"Violinsonate, 4. Satz",Franck,NA,1886,Klassik,Romantik,,3.19,1.42,13.26,8.84,12.77,18.87,29.70,8.03,3.07,3.57,9.33,31.66,10.76,8.91,,0.09,0.05,0.11,0.16,0.23,0.11,0.02,0.02,0.06,0.12,0.04,0.06,,0.73,0.73,0.71,0.71,0.88,0.96
K079,K_Tschaikowski_Dornroe,24,43,0,Dornröschen,Tschaikowski,NA,1890,Klassik,Romantik,,3.16,1.86,11.32,10.46,1.02,4.87,4.98,0.00,13.72,35.34,21.85,15.12,34.28,12.45,,0.06,0.07,0.01,0.05,0.04,0.00,0.12,0.37,0.15,0.05,0.25,0.08,,0.89,0.89,0.88,0.88,0.95,0.95
K080,K_Vivaldi_LEstroA,25,33,0,L'Estro Armonico (Concerto No. 9),Vivaldi,NA,1711,Klassik,Barock,,3.39,1.88,16.68,20.22,13.48,15.24,27.84,0.57,5.46,7.57,23.18,32.62,23.59,4.84,,0.12,0.15,0.10,0.12,0.24,0.01,0.04,0.05,0.19,0.15,0.12,0.03,,0.74,0.73,0.72,0.71,0.86,0.96
K081,K_Rachmaninow_3KK3Sat,25,32,0,"3. Klavierkonzert, 3. Satz",Rachmaninow,NA,1909,Klassik,Romantik,,2.84,1.22,11.40,10.82,0.00,4.90,2.44,0.63,23.51,17.22,16.87,18.98,21.91,21.09,,0.07,0.06,0.00,0.02,0.01,0.01,0.21,0.14,0.15,0.04,0.15,0.13,,0.77,0.78,0.70,0.72,0.90,-2.98
K082,K_Sibelius_Vardete,26,26,0,Var det en dröm?,Sibelius,NA,1902,Klassik,Romantik,,2.58,1.23,16.57,16.02,10.31,10.93,12.23,13.14,11.63,6.43,5.89,22.18,8.32,16.89,,0.12,0.13,0.09,0.14,0.12,0.17,0.09,0.05,0.05,0.12,0.05,0.12,,0.39,0.36,0.29,0.25,0.13,0.76
K083,K_Chopin_3KS4Sat,26,26,0,"3. Klaviersonate, 4. Satz",Chopin,NA,1845,Klassik,Romantik,,3,1.39,17.88,26.42,5.37,16.24,11.95,5.30,15.72,15.09,23.49,27.73,22.87,16.01,,0.14,0.21,0.05,0.19,0.12,0.09,0.15,0.12,0.17,0.14,0.14,0.13,,0.59,0.57,0.50,0.49,0.73,0.62
K084,K_Brahms_Violink,27,27,0,Violinkonzert,Brahms,NA,1879,Klassik,Romantik,,3.15,1.11,15.69,17.81,19.39,22.20,24.58,2.31,7.61,3.53,9.59,29.13,9.40,7.91,,0.10,0.12,0.15,0.16,0.26,0.04,0.07,0.03,0.06,0.15,0.05,0.06,,0.64,0.65,0.61,0.62,0.82,0.94
K085,K_Bruckner_8SinfFi,27,26,0,8. Sinfonie (Finale),Bruckner,NA,1887,Klassik,Romantik,,3.42,1.46,15.27,20.20,1.02,0.00,0.00,1.69,12.56,41.95,17.39,22.08,34.96,11.86,,0.11,0.14,0.01,0.00,0.00,0.01,0.12,0.46,0.10,0.06,0.27,0.08,,0.89,0.89,0.90,0.90,0.96,0.94
K086,K_Verdi_LaTravi,28,30,0,La Traviata,Verdi,NA,1853,Klassik,Romantik,,3.3,1.7,17.73,10.18,19.24,22.63,28.37,1.58,3.75,7.17,10.99,31.82,12.42,4.81,,0.15,0.08,0.15,0.26,0.27,0.03,0.03,0.06,0.09,0.17,0.08,0.03,,0.72,0.72,0.73,0.74,0.88,0.97
K088,K_Prokofjew_KSNo7,29,37,0,Klaviersonate No. 7,Prokofjew,NA,1943,Klassik,Moderne,,2.41,1.38,4.65,8.55,0.00,2.69,4.84,0.00,24.23,8.92,13.19,11.06,13.88,21.57,,0.04,0.05,0.00,0.02,0.03,0.00,0.25,0.05,0.10,0.03,0.08,0.16,,0.79,0.80,0.76,0.78,0.90,0.60
K089,K_Casella_Italia,29,37,0,Italia,Casella,NA,1909,Klassik,Moderne,,3.08,2.08,9.21,8.14,2.85,4.49,14.48,0.00,5.49,19.34,21.16,20.04,25.25,5.13,,0.07,0.05,0.02,0.03,0.11,0.00,0.04,0.15,0.19,0.06,0.17,0.02,,0.69,0.70,0.67,0.68,0.88,0.93
K090,K_Tschaikowski_4Sinf,29,37,1,4. Sinfonie,Tschaikowski,NA,1878,Klassik,Romantik,,2.68,1.73,6.34,11.59,2.51,1.32,4.82,2.22,12.07,25.45,6.47,15.83,22.56,12.09,,0.05,0.08,0.01,0.01,0.03,0.02,0.09,0.23,0.05,0.04,0.13,0.06,,0.79,0.79,0.79,0.80,0.88,0.65
K091,K_StraussJ_Chit-Ch,30,25,0,"Chit-Chat-Polka, op. 214","Strauss, J.",NA,1858,Klassik,Romantik,GEMS_2008,3.24,2.24,10.78,5.59,2.95,5.80,11.29,0.00,10.40,20.03,29.48,18.45,27.95,9.40,,0.09,0.05,0.02,0.05,0.06,0.00,0.07,0.17,0.26,0.06,0.22,0.05,,0.75,0.75,0.74,0.73,0.87,0.83
K092,K_Skrjabin_Prelude15,30,25,0,Preludes op. 11 no. 15,Skrjabin,NA,1896,Klassik,Impressionismus,,3.24,1.32,13.44,12.19,12.69,19.72,34.74,4.56,0.84,1.93,6.51,30.06,7.72,3.96,,0.10,0.09,0.09,0.22,0.34,0.09,0.02,0.02,0.03,0.16,0.02,0.05,,0.81,0.81,0.80,0.81,0.92,0.96
K093,K_Vivaldi_4JahrFr,31,20,0,Die 4 Jahreszeiten (Frühling),Vivaldi,NA,1725,Klassik,Barock,GEMS_2008,2.8,3.4,12.66,9.93,4.22,18.79,12.24,1.43,6.82,18.26,17.16,21.75,25.08,6.76,,0.11,0.08,0.04,0.19,0.10,0.03,0.06,0.14,0.13,0.10,0.13,0.05,,0.41,0.40,0.42,0.42,0.59,0.83
K094,,31,20,0,"6. Sinfonie, 1. Satz",Mahler,NA,1906,Klassik,Romantik,,2.8,1.35,17.08,11.32,17.80,28.67,35.69,1.03,6.87,0.00,7.94,33.65,7.39,6.23,,0.14,0.09,0.15,0.23,0.31,0.03,0.06,0.00,0.05,0.18,0.03,0.05,,0.74,0.75,0.79,0.80,0.90,0.96
K096,K_Rachmaninow_Prelude,32,23,1,Preludes op. 32 no. 5,Rachmaninow,NA,1910,Klassik,Romantik,,3.26,1.09,14.91,8.92,20.78,23.88,39.56,2.67,0.00,0.00,7.12,32.52,6.52,2.25,,0.11,0.05,0.14,0.20,0.41,0.03,0.00,0.00,0.04,0.17,0.02,0.01,,0.87,0.88,0.86,0.86,0.93,0.97
K097,K_Vivaldi_4JahrSo,32,23,0,Die 4 Jahreszeiten (Sommer),Vivaldi,NA,1725,Klassik,Barock,,3.22,1.78,14.78,16.72,12.65,13.84,20.85,8.45,5.98,4.10,6.16,26.63,6.03,10.80,,0.09,0.10,0.10,0.12,0.22,0.10,0.04,0.02,0.03,0.12,0.02,0.07,,0.60,0.58,0.55,0.55,0.59,0.91
K098,K_Elgar_Pompand,33,27,0,Pomp and Circumstance (1. Marsch),Elgar,NA,1902,Klassik,Romantik,,3.07,1.78,13.84,12.71,2.16,2.13,3.09,0.00,11.10,25.00,24.69,20.91,31.68,10.20,,0.12,0.07,0.02,0.02,0.02,0.00,0.09,0.28,0.18,0.06,0.23,0.06,,0.78,0.77,0.78,0.78,0.89,0.92
K099,K_Mozart_GranPar,33,27,0,"Gran Partita, 3. Satz",Mozart,NA,1781,Klassik,Klassik,,3,1.41,15.42,8.29,16.16,13.00,29.82,5.05,5.47,1.91,2.79,28.06,4.34,8.46,,0.09,0.06,0.12,0.11,0.28,0.09,0.05,0.01,0.01,0.13,0.01,0.07,,0.79,0.78,0.76,0.76,0.87,0.94
K101,K_Dvorak_9Sinf4S,34,32,0,"9. Sinfonie, 4. Satz",Dvorák,NA,1893,Klassik,Romantik,,3.09,1.88,16.33,14.27,0.00,9.02,7.48,3.10,12.03,29.53,14.33,20.84,27.92,11.33,,0.10,0.10,0.00,0.06,0.06,0.04,0.12,0.33,0.11,0.07,0.21,0.09,,0.82,0.82,0.83,0.84,0.89,0.90
K102,K_Ravel_Bolero,34,33,0,Boléro,Ravel,NA,1928,Klassik,Impressionismus,,2.76,2.49,5.61,10.37,7.47,8.20,10.94,0.00,5.26,15.83,12.67,17.04,18.54,4.87,,0.05,0.07,0.04,0.07,0.10,0.00,0.04,0.13,0.12,0.06,0.12,0.02,,0.59,0.59,0.50,0.49,0.68,0.88
K103,K_Berg_Quartet,34,33,0,"Quartett, op. 3",Berg,NA,1920,Klassik,Moderne/freie Tonalität,,1.85,1.3,8.83,10.58,3.58,2.33,2.78,1.10,34.79,3.40,7.74,13.22,8.76,30.17,,0.06,0.07,0.02,0.02,0.02,0.03,0.36,0.02,0.06,0.04,0.04,0.24,,0.87,0.87,0.88,0.89,0.95,0.93
K106,K_Mozart_DonGiov,35,31,0,"Don Giovanni, ""La ci darem la mano""",Mozart,NA,1787,Klassik,Klassik,,2.55,1.36,6.13,9.11,19.87,13.83,20.40,5.16,8.73,1.22,6.76,23.94,7.33,12.18,,0.04,0.04,0.14,0.10,0.19,0.03,0.10,0.01,0.05,0.10,0.03,0.07,,0.68,0.64,0.69,0.67,0.76,0.83
K107,K_CarlOrff_OFortun,35,31,0,O Fortuna (Carmina Burana),Carl Orff,NA,1937,Klassik,Moderne,,3.61,3.65,15.48,20.47,4.47,10.49,5.65,0.00,7.89,47.34,26.81,23.87,42.42,7.28,,0.11,0.14,0.03,0.07,0.03,0.00,0.09,0.43,0.17,0.08,0.29,0.06,,0.86,0.86,0.89,0.89,0.95,0.97
K108,K_StraussR_Rosenka,35,31,0,"Rosenkavalier, Act 1","Strauss, R.",NA,1911,Klassik,Romantik,,2.58,1.29,14.40,13.95,13.88,16.11,18.35,9.09,9.31,2.50,1.17,25.73,2.25,15.60,,0.08,0.09,0.11,0.11,0.17,0.11,0.08,0.02,0.01,0.11,0.01,0.09,,0.66,0.59,0.60,0.49,0.70,0.93
K109,K_Vivaldi_4JahrHe,36,27,0,Die 4 Jahreszeiten (Herbst),Vivaldi,NA,1725,Klassik,Barock,,2.7,1.85,16.38,10.55,5.85,11.79,15.56,3.24,6.34,7.44,12.83,21.49,14.05,8.56,,0.14,0.10,0.04,0.08,0.11,0.03,0.07,0.06,0.14,0.10,0.10,0.06,,0.41,0.34,0.46,0.30,0.58,0.81
K110,K_Debussy_Despass,36,27,0,Des pas sur la neige,Debussy,NA,1910,Klassik,Impressionismus,,2.89,1.26,13.69,9.63,11.03,24.09,22.89,15.17,1.77,0.00,6.03,24.58,5.64,11.70,,0.09,0.11,0.12,0.27,0.22,0.17,0.04,0.00,0.03,0.15,0.01,0.09,,0.73,0.73,0.70,0.70,0.86,0.91
K111,K_Puccini_Messadi,36,27,0,Messa di Gloria,Puccini,NA,1880,Klassik,Romantik,,2.63,1.33,13.29,8.93,5.60,5.10,9.25,0.00,2.91,13.21,9.78,16.57,14.53,2.59,,0.09,0.11,0.04,0.06,0.07,0.00,0.04,0.14,0.09,0.08,0.11,0.03,,0.60,0.55,0.57,0.44,0.67,0.87
K112,K_Bach_Branden,37,29,0,Brandenburgische Konzerte,Bach,NA,1721,Klassik,Klassik,,2.76,1.66,12.33,18.21,8.26,9.38,11.53,0.44,10.49,19.34,17.07,24.84,23.11,10.02,,0.09,0.11,0.05,0.07,0.08,0.01,0.08,0.15,0.13,0.08,0.14,0.05,,0.39,0.37,0.40,0.39,0.64,0.79
K113,K_Chopin_WaltzOp,37,29,0,Waltz Op. 69 No. 2,Chopin,NA,1852,Klassik,Romantik,,2.97,1.45,13.78,8.30,16.70,18.30,30.39,0.00,5.09,3.87,14.76,32.46,15.62,4.77,,0.08,0.05,0.11,0.11,0.26,0.00,0.03,0.03,0.10,0.12,0.07,0.02,,0.73,0.73,0.71,0.72,0.86,0.94
K114,K_Beethoven_SinfNr7,37,29,0,Sinfonie Nr. 7,Beethoven,NA,1812,Klassik,Klassik,,2.72,1.45,9.37,11.99,11.99,19.57,33.13,8.41,2.96,6.39,4.22,31.08,6.60,8.56,,0.05,0.06,0.07,0.11,0.27,0.09,0.01,0.04,0.02,0.11,0.03,0.04,,0.79,0.76,0.76,0.73,0.87,0.94
P001,P_Gorillaz_Feelgoo,1,13,0,Feel good Inc.,Gorillaz,NA,2005,Pop,NA,,4.23,3.08,37.21,15.21,15.52,10.96,17.74,0.00,4.43,14.22,27.93,35.47,26.59,4.15,,0.21,0.06,0.11,0.10,0.11,0.00,0.03,0.08,0.14,0.12,0.11,0.02,,0.58,0.56,0.64,0.63,0.78,0.92
P002,P_Jamiroquai_Virtual,1,13,0,Virtual Insanity,Jamiroquai,NA,1996,Pop,NA,,4.15,2.46,36.82,6.42,11.30,18.51,14.95,0.62,0.00,22.85,29.33,33.78,37.33,0.52,,0.18,0.03,0.08,0.10,0.12,0.03,0.00,0.11,0.22,0.10,0.17,0.01,,0.64,0.63,0.62,0.62,0.84,0.97
P003,P_JoseGonzales_Heartbe,1,12,0,Heartbeats,Jose Gonzales,NA,2003,Pop,NA,,4.33,2.58,30.06,12.30,33.08,27.53,34.47,6.22,0.00,5.80,0.00,35.84,4.90,5.25,,0.15,0.07,0.28,0.27,0.30,0.08,0.00,0.07,0.00,0.21,0.03,0.03,,0.67,0.66,0.67,0.66,0.89,0.94
P004,P_Aerosmith_IDontWa,1,12,0,I Don't Want To Miss A Thing,Aerosmith,NA,1998,Pop,NA,,4.25,3.58,24.51,12.22,28.84,36.26,26.52,8.51,4.45,18.80,26.61,39.26,26.10,7.60,,0.13,0.07,0.18,0.29,0.17,0.11,0.02,0.08,0.15,0.16,0.12,0.05,,0.50,0.48,0.48,0.46,0.68,0.91
P005,P_Sugababes_PushThe,2,11,0,Push The Button,Sugababes,NA,2005,Pop,NA,,3.91,3.46,27.58,9.27,7.53,15.57,7.20,4.61,10.56,25.47,36.61,34.85,37.38,13.73,,0.14,0.06,0.06,0.11,0.04,0.03,0.07,0.13,0.24,0.08,0.19,0.06,,0.42,0.43,0.48,0.50,0.70,0.82
P006,P_Boy_LittleN,2,12,0,Little Numbers,Boy,NA,2011,Pop,NA,,3.75,1.92,34.74,18.70,15.95,11.83,19.30,2.33,0.00,8.40,32.87,35.74,30.46,1.97,,0.17,0.13,0.15,0.10,0.10,0.03,0.00,0.05,0.21,0.13,0.14,0.01,,0.44,0.42,0.45,0.43,0.82,0.95
P007,P_NeilDiamind_SweetCa,2,12,0,Sweet Caroline,Neil Diamind,NA,1969,Pop,Softrock,,3.92,4,23.01,13.90,13.54,18.33,4.10,0.00,0.00,11.05,32.87,33.70,30.61,0.00,,0.10,0.06,0.15,0.10,0.02,0.00,0.00,0.05,0.19,0.08,0.13,0.00,,0.48,0.46,0.43,0.42,0.74,0.95
P008,P_EltonJohn_YourSon,2,11,0,Your Song,Elton John,NA,1970,Pop,NA,,4.36,4.27,23.58,13.15,19.06,25.84,26.65,0.00,0.87,15.10,25.86,39.48,29.23,0.82,,0.11,0.05,0.13,0.16,0.18,0.00,0.02,0.09,0.12,0.12,0.11,0.01,,0.41,0.40,0.42,0.41,0.58,0.95
P009,P_LadyGaga_Pokerfa,3,34,0,Pokerface,Lady Gaga,NA,2008,Pop,NA,,3.74,4.47,13.90,8.10,0.00,19.12,6.92,0.00,1.92,26.87,44.81,28.92,42.03,1.80,,0.06,0.03,0.00,0.11,0.04,0.00,0.02,0.18,0.40,0.05,0.30,0.01,,0.92,0.92,0.92,0.92,0.95,0.98
P010,P_Madonna_DontTel,3,33,0,Don't Tell Me,Madonna,NA,2000,Pop,NA,,2.85,2.3,5.92,4.77,6.18,11.06,16.06,0.00,7.95,5.36,18.19,21.06,17.90,7.15,,0.03,0.03,0.04,0.08,0.10,0.00,0.07,0.04,0.12,0.05,0.09,0.05,,0.63,0.58,0.60,0.50,0.79,0.84
P011,P_BrettDennen_ShesMin,3,33,0,She's Mine,Brett Dennen,NA,2006,Pop,Alternativ/ Indie,,3.18,1.33,12.95,5.15,18.65,14.44,27.84,0.71,6.10,2.51,18.69,27.83,17.46,6.25,,0.08,0.04,0.16,0.16,0.25,0.01,0.04,0.02,0.17,0.13,0.10,0.03,,0.78,0.79,0.77,0.78,0.89,0.91
P012,P_LittleBigTown_GirlCru,3,33,0,Girl Crush,Little Big Town,NA,2014,Pop,Country,,3.24,1.88,12.17,6.12,24.86,16.34,16.25,13.30,3.91,5.80,8.47,24.52,9.62,14.12,,0.10,0.03,0.21,0.16,0.16,0.12,0.02,0.03,0.05,0.13,0.04,0.06,,0.72,0.73,0.67,0.68,0.75,0.81
P013,P_RobinSchulz_Sugar,4,27,0,Sugar,Robin Schulz,NA,2015,Pop,NA,,3.22,3.48,10.91,4.89,6.27,8.66,14.24,0.00,5.30,24.06,32.13,16.47,31.75,4.95,,0.07,0.03,0.05,0.08,0.12,0.00,0.05,0.17,0.36,0.07,0.28,0.03,,0.87,0.87,0.85,0.86,0.90,0.93
P014,P_JeremyKay_HaveItA,4,27,0,Have It All,Jeremy Kay,NA,2002,Pop,Singer-Songwriter,,3.37,1.41,14.66,8.48,25.08,13.82,18.93,6.05,1.31,10.51,17.71,27.76,20.29,5.98,,0.11,0.04,0.23,0.14,0.15,0.07,0.01,0.07,0.16,0.13,0.12,0.03,,0.57,0.57,0.55,0.55,0.80,0.94
P015,P_Keane_Everybo,4,28,0,Everybodys Changing,Keane,NA,2004,Pop,"Britpop, Alternative/Indie",,3.54,2.79,14.13,12.16,8.60,19.67,20.89,9.20,1.05,5.65,20.68,31.91,19.72,7.68,,0.09,0.05,0.07,0.19,0.21,0.11,0.01,0.05,0.16,0.12,0.11,0.05,,0.69,0.69,0.63,0.62,0.75,0.94
P016,P_Enya_OnlyTim,4,27,0,Only Time,Enya,NA,2000,Pop,NA,,3.78,4.26,14.68,20.63,18.75,26.33,29.92,13.24,1.27,10.16,10.39,32.69,15.48,10.89,,0.10,0.20,0.16,0.30,0.30,0.17,0.02,0.07,0.06,0.20,0.06,0.07,,0.68,0.68,0.66,0.65,0.82,0.92
P017,P_KatieTunstall_Suddenl,5,28,0,Suddenly I See,Katie Tunstall,NA,2004,Pop,NA,,3.86,3.46,22.43,9.34,13.44,14.36,13.36,0.00,1.03,19.93,42.07,26.90,39.44,0.96,,0.12,0.05,0.08,0.15,0.10,0.00,0.01,0.12,0.42,0.10,0.29,0.00,,0.87,0.87,0.86,0.87,0.92,0.98
P018,P_BrunoMars_Grenade,5,28,0,Grenade,Bruno Mars,NA,2010,Pop,NA,,3.5,4.61,16.52,9.86,14.78,21.86,8.39,6.09,5.96,16.17,31.77,28.81,28.84,10.34,,0.10,0.07,0.08,0.23,0.07,0.10,0.04,0.11,0.26,0.10,0.19,0.06,,0.70,0.71,0.68,0.70,0.82,0.91
P019,P_Macklemore_SameLov,5,28,0,Same Love,Macklemore,NA,2013,Pop,Rap,,3.54,3,24.90,11.42,19.48,23.38,18.97,4.18,2.84,7.70,19.17,29.68,19.95,5.38,,0.17,0.07,0.19,0.25,0.13,0.06,0.04,0.05,0.13,0.16,0.09,0.05,,0.72,0.71,0.69,0.70,0.84,0.95
P020,P_Magic_LetYour,5,28,0,Let Your Hair Down,Magic!,NA,2014,Pop,NA,,2.46,1.32,10.35,6.92,18.00,13.63,23.03,0.00,7.93,5.01,11.62,22.40,13.82,7.37,,0.06,0.03,0.19,0.13,0.23,0.00,0.05,0.02,0.06,0.12,0.04,0.03,,0.73,0.73,0.68,0.68,0.78,0.78
P025,P_EltonJohn_DontGoB,7,30,0,Don't Go Breaking My Heart,Elton John,NA,1993,Pop,NA,,3.8,3.53,25.66,11.04,6.42,15.84,21.24,0.00,4.40,18.97,45.85,35.04,40.42,4.13,,0.11,0.05,0.03,0.13,0.13,0.00,0.03,0.10,0.43,0.09,0.28,0.02,,0.89,0.89,0.89,0.89,0.94,0.98
P026,P_Weeknd_Starboy,7,30,0,Starboy,The Weeknd,NA,2016,Pop,R&B,,3.27,3.4,21.36,11.14,12.89,10.58,14.75,4.36,10.23,10.27,24.65,27.16,25.12,12.99,,0.10,0.06,0.09,0.08,0.09,0.04,0.09,0.06,0.21,0.09,0.14,0.07,,0.63,0.64,0.65,0.65,0.68,0.80
P027,P_AllAmericanRejects_FallinA,7,30,0,Fallin Apart,All American Rejects,NA,2008,Pop,"Emo/Hardcore, Alternative/Indie, Rock",,3.43,1.77,16.70,9.99,6.00,5.73,15.80,0.00,5.39,24.20,35.79,22.22,35.99,4.97,,0.08,0.04,0.03,0.04,0.10,0.00,0.03,0.16,0.30,0.06,0.24,0.02,,0.82,0.83,0.81,0.82,0.92,0.96
P028,P_BonIver_SkinnyL,7,30,0,Skinny Love,Bon Iver,NA,2008,Pop,Indie Folk,,3.53,2.9,26.05,15.27,19.20,38.12,31.72,8.88,2.18,5.19,16.93,37.04,15.68,7.33,,0.16,0.10,0.13,0.38,0.26,0.10,0.01,0.03,0.11,0.19,0.08,0.05,,0.82,0.81,0.80,0.80,0.92,0.96
P029,P_KatiePerry_IKissed,8,31,0,I Kissed A Girl,Katie Perry,NA,2008,Pop,NA,,3.87,4.29,19.51,7.41,4.00,15.31,9.39,1.03,5.03,27.15,39.79,28.45,37.08,4.73,,0.08,0.03,0.04,0.11,0.05,0.01,0.03,0.22,0.40,0.06,0.32,0.02,,0.90,0.90,0.90,0.90,0.93,0.95
P030,P_BrettDennen_CloserT,8,32,0,Closer To You,Brett Dennen,NA,2008,Pop,Rock,,3.19,1.59,10.87,3.76,15.44,16.49,27.60,4.99,4.28,4.07,7.30,27.22,9.33,7.85,,0.05,0.02,0.13,0.16,0.26,0.06,0.03,0.02,0.05,0.11,0.04,0.04,,0.78,0.78,0.77,0.77,0.86,0.93
P031,P_AnnenMayKantereit_WohinDu,8,32,0,Wohin Du Gehst,AnnenMayKantereit,NA,2016,Pop,Alternativ,,3.25,2.38,11.70,7.82,3.23,17.44,8.68,1.49,6.03,20.84,23.64,22.22,27.00,6.63,,0.05,0.04,0.03,0.20,0.04,0.03,0.06,0.17,0.25,0.06,0.21,0.05,,0.73,0.74,0.74,0.76,0.83,0.89
P032,P_TracyChapman_FastCar,8,31,0,Fast Car,Tracy Chapman,NA,1988,Pop,NA,,3.65,3.52,14.64,12.49,21.23,30.16,32.59,5.37,2.26,2.19,12.66,33.14,11.53,6.35,,0.09,0.06,0.17,0.27,0.27,0.05,0.04,0.01,0.07,0.16,0.04,0.04,,0.81,0.82,0.81,0.82,0.91,0.95
P033,P_LeslieClio_ICouldn,9,26,0,I Couldnt Care Less,Leslie Clio,NA,2013,Pop,NA,,3.08,2.54,11.74,3.14,6.85,1.01,14.96,0.00,5.22,11.97,26.02,19.72,25.56,4.89,,0.05,0.02,0.04,0.02,0.09,0.00,0.02,0.08,0.23,0.04,0.16,0.01,,0.75,0.75,0.75,0.75,0.85,0.88
P034,P_Shakira_HipsDon,9,26,1,Hips Don't Lie,Shakira,NA,2005,Pop,NA,,4,4.54,18.90,4.11,8.79,13.53,13.18,0.00,4.59,22.17,43.73,28.60,38.28,4.31,,0.07,0.02,0.06,0.09,0.06,0.00,0.02,0.12,0.39,0.06,0.27,0.01,,0.90,0.90,0.90,0.90,0.92,0.95
P035,P_AtomicKitten_WholeAg,9,27,0,Whole Again,Atomic Kitten,NA,2000,Pop,NA,,3.52,3.19,14.66,5.08,14.82,21.65,6.64,1.48,2.07,4.42,21.40,26.33,19.59,3.05,,0.07,0.03,0.12,0.19,0.05,0.03,0.02,0.02,0.12,0.08,0.07,0.02,,0.68,0.68,0.71,0.72,0.81,0.91
P036,P_Pink_WhoKnew,9,26,0,Who Knew,Pink,NA,2006,Pop,NA,,3.85,3.81,10.78,8.03,9.75,27.23,8.17,11.76,1.52,21.51,23.21,28.95,26.60,9.38,,0.07,0.03,0.05,0.22,0.07,0.13,0.01,0.12,0.17,0.08,0.15,0.05,,0.70,0.71,0.67,0.68,0.79,0.88
P037,P_BritneySpears_BabyOne,10,29,0,Baby One More Time,Britney Spears,NA,1998,Pop,NA,,3.59,4.31,14.45,9.22,11.52,16.06,9.88,4.64,8.15,19.64,27.08,26.04,30.08,10.44,,0.07,0.04,0.06,0.11,0.08,0.07,0.06,0.12,0.22,0.07,0.18,0.06,,0.73,0.74,0.69,0.69,0.71,0.86
P038,P_CarlosSantana_Smooth,10,28,0,Smooth,Carlos Santana,feat Rob Thomas,1999,Pop,Latin Pop,,3.54,3.5,12.39,0.77,8.63,6.46,5.58,0.00,4.67,18.06,33.43,20.87,32.52,4.30,,0.07,0.01,0.06,0.06,0.04,0.00,0.03,0.12,0.28,0.05,0.21,0.02,,0.83,0.84,0.82,0.82,0.92,0.95
P039,P_LeonBridges_River,10,28,0,River,Leon Bridges,NA,2015,Pop,"R&B, Soul",,3.39,1.93,15.74,11.00,19.33,17.26,24.42,2.55,2.06,3.39,8.78,31.44,8.47,4.08,,0.08,0.08,0.16,0.13,0.23,0.02,0.01,0.01,0.05,0.13,0.04,0.02,,0.70,0.71,0.66,0.67,0.85,0.97
P040,P_Beatles_Strawbe,10,29,0,Strawberry Fields Forever,The Beatles,NA,1967,Pop,NA,,3.24,2.86,14.29,9.54,24.80,22.09,25.07,2.28,5.99,2.17,6.33,30.99,6.87,7.47,,0.08,0.05,0.18,0.21,0.21,0.02,0.03,0.01,0.07,0.13,0.04,0.03,,0.77,0.77,0.75,0.75,0.87,0.95
P041,P_PanicattheDisco_NineInT,11,28,0,Nine In The Afternoon,Panic! at the Disco,NA,2008,Pop,NA,,3.5,2.29,16.45,11.00,12.88,14.35,10.44,2.38,4.71,14.47,27.94,28.83,26.20,6.43,,0.10,0.06,0.10,0.10,0.09,0.01,0.03,0.09,0.22,0.09,0.16,0.02,,0.56,0.57,0.45,0.48,0.76,0.92
P042,P_ArcticMonkeys_Fluores,11,28,0,Fluorescent Adolescent,Arctic Monkeys,NA,2007,Pop,Indie,,3.96,3.07,28.37,5.46,5.36,11.71,12.31,2.21,1.20,14.54,38.62,27.26,35.32,2.95,,0.13,0.03,0.03,0.10,0.08,0.01,0.02,0.08,0.32,0.07,0.21,0.02,,0.87,0.88,0.86,0.87,0.94,0.97
P043,P_PuffDaddy_IllBeMi,11,28,0,I'll Be Missing You,Puff Daddy,NA,1997,Pop,R&B,,4.07,4.43,22.25,12.96,14.52,28.78,13.13,12.15,3.64,5.81,19.48,34.37,19.84,11.39,,0.13,0.07,0.10,0.24,0.11,0.16,0.04,0.02,0.11,0.12,0.07,0.09,,0.63,0.61,0.59,0.58,0.74,0.91
P044,P_HeadAndHeart_RiversA,11,28,0,Rivers And Roads,The Head And The Heart,NA,2011,Pop,Neofolk,,3.32,1.75,16.12,7.59,20.46,30.34,21.59,18.88,0.71,1.44,7.30,31.83,6.69,15.25,,0.09,0.05,0.18,0.32,0.16,0.21,0.01,0.01,0.03,0.15,0.02,0.09,,0.79,0.80,0.71,0.73,0.88,0.95
P045,P_EdSheeran_ShapeOf,12,27,0,Shape Of You,Ed Sheeran,NA,2017,Pop,NA,,3.67,4.59,23.52,10.86,15.23,22.26,13.40,3.41,8.04,9.87,31.75,31.14,27.76,7.84,,0.11,0.05,0.10,0.19,0.07,0.03,0.04,0.04,0.30,0.10,0.18,0.04,,0.79,0.80,0.79,0.80,0.80,0.90
P046,P_BlackEyedPeas_JustCan,12,27,0,Just Can't Get Enough,Black Eyed Peas,NA,2010,Pop,NA,,2.85,2.59,6.28,8.30,9.32,13.07,12.88,0.67,2.99,4.80,17.26,23.66,16.81,2.75,,0.04,0.04,0.05,0.08,0.09,0.03,0.02,0.03,0.15,0.06,0.09,0.02,,0.51,0.51,0.46,0.44,0.65,0.89
P047,P_ChildishGambino_Redbone,12,27,0,Redbone,Childish Gambino,NA,2016,Pop,"Psychadelic Soul, Neo Soul",,3.11,2.67,7.07,7.60,15.99,15.85,13.89,2.20,9.36,3.91,17.91,26.06,18.58,9.91,,0.03,0.04,0.12,0.10,0.10,0.03,0.11,0.02,0.11,0.07,0.06,0.08,,0.56,0.56,0.57,0.55,0.59,0.75
P048,P_JohnnyCash_Hurt,12,27,0,Hurt,Johnny Cash,NA,2002,Pop,NA,,3.59,2.82,11.73,7.99,9.54,25.20,16.44,25.29,3.80,5.07,4.18,30.00,8.44,22.13,,0.06,0.06,0.08,0.26,0.13,0.30,0.02,0.03,0.03,0.11,0.03,0.13,,0.80,0.80,0.79,0.78,0.79,0.89
P049,P_BrunoMars_Treasur,13,31,0,Treasure,Bruno Mars,NA,2012,Pop,NA,,3.45,3.71,14.22,5.62,10.57,6.86,16.75,0.56,4.36,15.45,35.81,29.14,34.16,3.87,,0.07,0.03,0.08,0.05,0.09,0.01,0.04,0.10,0.30,0.06,0.21,0.03,,0.84,0.84,0.85,0.85,0.90,0.96
P050,P_StevieWonder_IWish,13,31,1,I Wish,Stevie Wonder,NA,1976,Pop,NA,,3.39,2.29,15.17,1.05,4.08,9.42,8.46,1.66,1.55,13.75,40.20,22.18,36.73,2.85,,0.07,0.01,0.03,0.06,0.05,0.01,0.01,0.11,0.39,0.04,0.26,0.01,,0.90,0.91,0.90,0.90,0.95,0.98
P051,P_Jackson5_WhosLov,13,31,0,Who's Lovin You,The Jackson 5,NA,1969,Pop,Soul,,3.55,2.19,17.63,8.47,20.39,23.84,23.22,4.80,0.00,4.78,14.63,34.75,13.91,4.05,,0.10,0.04,0.16,0.20,0.17,0.04,0.00,0.03,0.09,0.13,0.06,0.02,,0.70,0.70,0.68,0.68,0.86,0.97
P052,P_Moby_Porcela,13,31,0,Porcelain,Moby,NA,1999,Pop,NA,,3.03,2.48,13.41,9.14,12.56,18.49,20.43,0.00,0.74,3.63,10.45,29.84,10.07,0.69,,0.07,0.05,0.07,0.19,0.19,0.00,0.01,0.02,0.07,0.10,0.04,0.00,,0.73,0.73,0.68,0.67,0.83,0.97
P053,P_PharrellWilliams_Happy,14,44,1,Happy,Pharrell Williams,NA,2013,Pop,Pop,,3.73,4.5,20.40,5.28,3.38,7.88,18.11,0.00,3.83,22.07,44.53,26.68,40.07,3.44,,0.07,0.02,0.02,0.06,0.10,0.00,0.04,0.11,0.39,0.05,0.26,0.03,,0.94,0.94,0.94,0.94,0.97,0.98
P054,P_SpiceGirls_Wannabe,14,44,0,Wannabe,Spice Girls,NA,1996,Pop,NA,,3.84,4.41,13.52,1.10,3.49,13.71,15.06,0.00,5.61,24.14,47.86,26.75,44.08,5.19,,0.06,0.00,0.01,0.10,0.08,0.00,0.04,0.16,0.43,0.05,0.31,0.02,,0.95,0.95,0.95,0.95,0.97,0.98
P055,P_ArethaFranklin_YouMake,14,43,0,(You Make Me Feel Like) A Natural Woman,Aretha Franklin,NA,1968,Pop,Soul,,3.81,3.4,15.22,13.43,16.54,16.54,13.50,3.41,2.15,15.88,21.33,30.43,25.83,4.68,,0.09,0.10,0.14,0.15,0.10,0.04,0.01,0.13,0.14,0.11,0.13,0.02,,0.67,0.66,0.64,0.61,0.79,0.97
P056,P_NinaSimone_Feeling,14,43,0,Feeling Good,Nina Simone,NA,1965,Pop,Soul,,4.09,4.12,12.11,15.30,17.14,19.21,17.54,0.39,1.95,24.00,30.05,31.24,33.77,2.16,,0.08,0.09,0.14,0.15,0.13,0.01,0.02,0.16,0.25,0.11,0.21,0.02,,0.76,0.75,0.76,0.74,0.91,0.99
P057,P_WhitneyHouston_IWannaD,15,30,1,I Wanna Dance With Somebody,Whitney Houston,NA,1987,Pop,R&B,,4.07,4.07,23.95,7.15,10.11,25.57,14.98,2.38,0.94,28.61,51.04,33.85,44.90,2.89,,0.13,0.07,0.07,0.18,0.08,0.02,0.01,0.18,0.46,0.10,0.33,0.01,,0.92,0.92,0.93,0.93,0.95,0.99
P058,P_CollapsableHeartsClub_EasyStr,15,30,0,Easy Streets,The Collapsable Hearts Club,NA,2016,Pop,NA,,2.33,1.6,10.55,2.57,2.42,6.52,6.57,0.00,16.44,9.23,25.77,14.50,24.11,15.02,,0.07,0.02,0.01,0.05,0.05,0.00,0.12,0.06,0.25,0.04,0.16,0.08,,0.79,0.78,0.79,0.78,0.88,0.53
P059,P_Gotye_Somebod,15,30,0,Somebody That I Used To Know,Gotye,NA,2011,Pop,NA,,3.53,4.13,13.21,11.33,12.06,27.23,17.47,12.19,2.48,7.52,25.46,27.37,24.83,12.29,,0.11,0.07,0.09,0.25,0.15,0.11,0.01,0.06,0.23,0.13,0.16,0.05,,0.69,0.70,0.62,0.63,0.81,0.83
P060,P_JustinBieber_LoveYou,15,30,0,Love Yourself,Justin Bieber,NA,2015,Pop,NA,,3.63,4.07,9.97,7.58,27.97,17.93,27.65,5.62,1.88,0.20,18.10,30.44,15.94,5.75,,0.07,0.06,0.24,0.20,0.25,0.04,0.03,0.01,0.17,0.15,0.09,0.03,,0.77,0.78,0.78,0.79,0.91,0.95
P061,P_TheoKatzman_HardWor,16,25,0,Hard Work,Theo Katzman,NA,2016,Pop,Alternative Blues,,3.2,1.4,23.17,4.95,4.10,5.13,14.42,0.00,6.85,14.07,32.81,23.97,29.14,6.26,,0.13,0.03,0.04,0.07,0.09,0.00,0.06,0.14,0.37,0.07,0.26,0.04,,0.87,0.88,0.86,0.87,0.91,0.92
P062,P_KatyPerry_SwishSw,16,25,0,Swish Swish,Katy Perry,NA,2017,Pop,NA,,2.8,2.2,10.83,2.94,1.65,1.80,9.22,1.63,10.08,19.10,34.26,15.24,30.81,10.43,,0.07,0.03,0.02,0.01,0.06,0.01,0.11,0.12,0.35,0.04,0.24,0.08,,0.86,0.87,0.89,0.89,0.92,0.87
P063,P_BeeGees_Words,16,25,0,Words,Bee Gees,NA,1977,Pop,NA,,2.92,2.12,11.16,5.22,7.91,14.90,22.78,1.17,15.28,5.20,8.35,22.20,10.27,14.02,,0.09,0.05,0.08,0.18,0.24,0.03,0.12,0.04,0.05,0.12,0.05,0.09,,0.66,0.62,0.64,0.62,0.76,0.60
P064,P_SamSmith_LayMeDo,16,25,0,Lay Me Down,Sam Smith,NA,2014,Pop,NA,,3.76,3.04,16.42,16.07,26.75,25.55,26.86,25.79,0.00,0.00,2.59,36.16,2.31,19.97,,0.14,0.12,0.24,0.26,0.30,0.25,0.00,0.00,0.02,0.21,0.01,0.10,,0.81,0.82,0.80,0.80,0.89,0.97
P065,P_DavidGuetta_Memorie,17,29,0,Memories,David Guetta,NA,2009,Pop,EDM,,2.79,2.9,5.57,2.80,1.78,9.03,3.55,0.00,10.18,13.95,33.54,13.68,30.26,9.20,,0.02,0.02,0.01,0.06,0.03,0.00,0.08,0.08,0.33,0.03,0.22,0.05,,0.88,0.89,0.86,0.87,0.92,0.89
P066,P_Rihanna_Umbrell,17,29,0,Umbrella,Rihanna,NA,2007,Pop,R&B,,3.66,4.48,21.24,7.08,7.41,21.15,7.09,3.71,5.69,10.24,27.74,23.97,26.39,8.18,,0.13,0.06,0.06,0.17,0.06,0.03,0.05,0.10,0.24,0.09,0.17,0.04,,0.80,0.81,0.79,0.80,0.87,0.89
P067,P_VanessaCarlton_AThousa,17,29,0,A Thousand Miles,Vanessa Carlton,NA,2001,Pop,NA,,3.79,3.72,26.49,4.31,13.87,27.54,13.58,2.93,4.32,5.92,32.85,31.08,29.15,6.31,,0.13,0.02,0.11,0.25,0.11,0.05,0.03,0.04,0.24,0.12,0.15,0.04,,0.80,0.80,0.83,0.84,0.92,0.95
P069,P_CarlyRaeJepsen_CallMeM,18,37,0,Call Me Maybe,Carly Rae Jepsen,NA,2012,Pop,NA,,3.32,4.73,17.64,1.17,4.32,25.24,9.05,0.00,7.84,17.54,44.86,26.40,39.14,7.25,,0.09,0.01,0.04,0.15,0.05,0.00,0.05,0.10,0.44,0.06,0.29,0.03,,0.94,0.95,0.94,0.94,0.96,0.96
P070,P_PhilCollins_InTheAi,18,37,0,In The Air Tonight,Phil Collins,NA,1981,Pop,NA,,3.76,4.35,15.93,11.71,13.31,36.53,21.45,8.49,6.14,10.74,14.83,32.18,18.48,12.42,,0.09,0.08,0.10,0.36,0.20,0.10,0.05,0.07,0.10,0.15,0.09,0.07,,0.73,0.74,0.72,0.72,0.86,0.90
P071,P_JeffBuckley_Hallelu,18,37,0,Hallelujah,Jeff Buckley,NA,1994,Pop,NA,,4.24,4.54,27.06,22.50,28.03,37.06,32.88,20.98,0.50,2.03,4.45,40.17,5.62,16.04,,0.17,0.13,0.23,0.39,0.29,0.26,0.01,0.02,0.03,0.23,0.03,0.10,,0.88,0.88,0.87,0.86,0.94,0.98
P072,P_OliBrown_Speechl,18,37,0,Speechless,Oli Brown,NA,2010,Pop,Blues Indie,,3.3,1.11,5.49,2.02,6.63,9.68,13.18,2.85,6.38,12.09,28.69,18.40,27.31,8.02,,0.04,0.01,0.04,0.07,0.11,0.04,0.04,0.07,0.23,0.05,0.16,0.04,,0.75,0.75,0.73,0.73,0.88,0.89
P073,P_JustinTimberlake_MyLove,19,35,0,My Love,Justin Timberlake,NA,2006,Pop,NA,,2.94,2.66,12.03,8.23,13.73,6.66,12.41,1.24,7.29,16.66,23.01,25.45,25.48,7.80,,0.06,0.04,0.08,0.04,0.07,0.01,0.05,0.10,0.17,0.06,0.14,0.03,,0.69,0.70,0.67,0.67,0.78,0.89
P074,P_TaylorSwift_LookWha,19,35,0,Look What You Made Me Do,Taylor Swift,NA,2017,Pop,NA,,3.06,3.17,9.14,7.34,6.62,3.04,3.60,0.00,9.76,23.03,24.63,12.42,28.34,8.98,,0.05,0.04,0.04,0.02,0.02,0.00,0.07,0.17,0.20,0.03,0.18,0.04,,0.79,0.80,0.76,0.77,0.91,0.92
P075,P_EllieGoulding_Burn,19,35,0,Burn,Ellie Goulding,NA,2012,Pop,EDM,,3.09,3.91,12.32,11.55,7.76,8.75,6.74,1.31,3.03,17.14,26.35,21.96,26.48,3.03,,0.07,0.08,0.05,0.07,0.05,0.01,0.02,0.13,0.21,0.06,0.18,0.02,,0.75,0.76,0.73,0.74,0.85,0.95
P076,P_Oasis_AllArou,19,35,0,All Around The World,Oasis,NA,1997,Pop,Britpop,,3.26,2.4,13.78,9.34,11.24,22.33,19.18,3.31,2.64,4.94,18.82,31.11,17.26,5.18,,0.07,0.05,0.06,0.21,0.13,0.04,0.02,0.03,0.13,0.10,0.09,0.03,,0.67,0.67,0.65,0.65,0.83,0.96
P077,P_LuisFonsi_Despaci,20,24,0,Despacito,Luis Fonsi,ft. Daddy Yankee,2017,Pop,Reggaeton,,3.63,4.38,14.76,7.15,16.16,13.15,3.95,0.00,6.79,15.93,36.33,25.86,34.89,6.10,,0.08,0.05,0.09,0.10,0.03,0.00,0.05,0.10,0.34,0.07,0.23,0.03,,0.85,0.86,0.84,0.85,0.87,0.93
P078,P_SteelyDan_DoItAga,20,24,0,Do It Again,Steely Dan,NA,1972,Pop,NA,,2.92,1.92,10.27,4.08,6.05,10.06,10.50,0.00,3.11,10.39,21.98,20.07,21.25,2.85,,0.07,0.03,0.03,0.09,0.08,0.00,0.03,0.08,0.18,0.06,0.13,0.02,,0.69,0.68,0.67,0.66,0.78,0.92
P079,P_BeachBoys_GoodVib,20,24,0,Good Vibrations,The Beach Boys,NA,1966,Pop,psychedelic rock,,3.79,3.42,13.81,4.72,7.72,18.41,16.39,2.45,4.15,11.81,28.56,28.41,29.36,5.73,,0.05,0.02,0.04,0.16,0.12,0.03,0.03,0.08,0.23,0.07,0.16,0.03,,0.72,0.73,0.68,0.69,0.80,0.93
P080,P_Adele_Someone,20,24,0,Someone Like You,Adele,NA,2011,Pop,Soul,,3.96,4.29,14.13,14.44,12.39,23.62,7.75,22.23,4.55,16.03,6.38,27.22,16.41,20.72,,0.10,0.06,0.10,0.22,0.06,0.24,0.03,0.11,0.04,0.10,0.07,0.10,,0.61,0.60,0.61,0.61,0.64,0.46
P081,P_OutKast_Roses,21,23,0,Roses,OutKast,NA,2003,Pop,Hip Hop/Rap,,2.65,1.7,9.53,0.00,3.68,5.05,12.12,0.00,7.10,11.66,27.21,15.51,24.33,6.61,,0.07,0.00,0.04,0.03,0.09,0.00,0.04,0.08,0.27,0.04,0.18,0.03,,0.80,0.80,0.77,0.78,0.85,0.77
P082,P_MacDemarco_SaladDa,21,24,0,Salad Days,Mac Demarco,NA,2014,Pop,NA,,2.71,1.21,7.94,4.81,9.83,9.97,22.88,5.75,8.45,2.48,5.87,21.94,5.21,11.36,,0.06,0.03,0.11,0.14,0.26,0.04,0.04,0.02,0.10,0.11,0.06,0.04,,0.70,0.71,0.70,0.71,0.71,0.82
P083,P_Wrabel_TheVill,21,23,0,The Village,Wrabel,NA,2017,Pop,NA,,3.43,2.04,19.17,13.78,18.16,14.19,20.88,16.86,3.63,5.80,11.78,27.07,12.81,15.33,,0.17,0.13,0.17,0.22,0.25,0.22,0.03,0.08,0.09,0.18,0.08,0.10,,0.61,0.62,0.51,0.53,0.51,0.73
P084,P_HeyJudeschka_Immerwi,21,24,0,ImmerwiederSommertag,Hey Judeschka!,NA,2017,Pop,Deutsch Pop,,3.21,1.08,11.50,6.68,16.91,12.64,31.36,8.55,0.88,0.50,8.83,30.52,8.28,6.67,,0.06,0.04,0.18,0.17,0.33,0.13,0.01,0.01,0.07,0.15,0.04,0.05,,0.79,0.80,0.74,0.75,0.86,0.95
P085,P_ZaraLarsson_LushLif,22,20,0,Lush Life,Zara Larsson,NA,2015,Pop,Pop,,2.75,2.9,17.47,2.57,0.45,12.44,7.65,0.00,3.57,12.67,33.95,16.42,32.62,3.35,,0.08,0.01,0.01,0.06,0.07,0.00,0.02,0.08,0.27,0.04,0.18,0.01,,0.85,0.86,0.83,0.84,0.90,0.93
P086,P_BackstreetBoys_Everybo,22,21,0,Everybody,Backstreet Boys,NA,1997,Pop,NA,,3.29,4.1,18.83,2.53,0.00,25.27,3.36,0.00,5.40,20.66,32.27,27.07,30.71,5.06,,0.09,0.01,0.00,0.14,0.03,0.00,0.03,0.15,0.36,0.05,0.26,0.02,,0.90,0.90,0.89,0.89,0.92,0.94
P087,P_ChainSmokers_Paris,22,20,0,Paris,Chain Smokers,NA,2017,Pop,electronic,,3.35,3.1,16.68,3.94,14.27,21.79,19.06,0.77,3.79,7.14,16.32,28.10,18.79,4.03,,0.08,0.03,0.11,0.16,0.12,0.03,0.03,0.08,0.12,0.10,0.10,0.03,,0.62,0.62,0.65,0.66,0.72,0.89
P088,P_ImogenHeap_Hideand,22,21,0,Hide and Seek,Imogen Heap,NA,2005,Pop,NA,,2.71,2.05,8.79,7.06,3.54,16.36,13.28,14.25,8.28,4.00,2.92,18.95,6.36,18.86,,0.07,0.06,0.05,0.20,0.09,0.16,0.07,0.02,0.02,0.09,0.02,0.10,,0.41,0.36,0.41,0.38,0.44,0.67
P089,P_KingsofLeon_SexOnFi,23,34,0,Sex On Fire,Kings of Leon,NA,2009,Pop,Rock,,3.47,3.91,10.96,10.45,10.67,17.27,7.49,2.02,1.40,21.54,35.95,22.39,33.40,2.97,,0.05,0.06,0.07,0.17,0.05,0.02,0.02,0.15,0.31,0.07,0.24,0.02,,0.87,0.88,0.88,0.88,0.93,0.97
P090,P_MIA_PaperPl,23,34,0,Paper Planes,M.I.A.,NA,2009,Pop,NA,,2.97,3.74,8.51,4.41,0.51,8.82,3.93,0.00,12.31,14.76,27.91,13.24,28.19,10.97,,0.04,0.03,0.01,0.05,0.05,0.00,0.11,0.11,0.21,0.03,0.16,0.07,,0.80,0.81,0.81,0.82,0.90,0.86
P091,P_OfMonstersandMen_Empire,23,34,0,Empire,Of Monsters and Men,NA,2015,Pop,Alternative/Indie,,3.15,1.32,13.55,10.51,17.22,12.73,17.96,3.49,2.85,10.41,14.76,26.33,17.65,5.53,,0.09,0.09,0.13,0.13,0.13,0.03,0.04,0.08,0.12,0.11,0.10,0.03,,0.52,0.46,0.58,0.54,0.67,0.92
P092,P_BackstreetBoys_IWantIt,23,34,0,I Want It That Way,Backstreet Boys,NA,1999,Pop,NA,,3.65,4.53,9.53,2.40,5.37,32.68,13.69,1.89,1.59,7.40,35.98,30.85,32.26,2.88,,0.04,0.01,0.04,0.20,0.10,0.02,0.02,0.05,0.29,0.07,0.18,0.02,,0.90,0.90,0.90,0.90,0.96,0.98
P093,P_Namika_Lieblin,24,43,0,Lieblingsmensch,Namika,NA,2015,Pop,NA,,3.12,2.95,13.43,6.73,10.55,11.78,15.03,0.00,4.65,5.54,20.93,22.96,21.69,4.15,,0.08,0.03,0.09,0.09,0.10,0.00,0.05,0.04,0.18,0.08,0.11,0.03,,0.71,0.73,0.67,0.69,0.84,0.94
P094,P_MarvinGaye_LetsGet,24,43,1,Lets Get It On,Marvin Gaye,NA,1973,Pop,NA,,3.58,4.14,13.43,1.49,29.82,14.87,17.40,0.00,1.04,4.03,23.07,30.18,22.35,0.93,,0.08,0.01,0.27,0.13,0.14,0.00,0.01,0.03,0.18,0.12,0.11,0.01,,0.86,0.86,0.86,0.86,0.94,0.98
P095,P_OwlCity_Firefli,24,43,0,Fireflies,Owl City,NA,2009,Pop,Elektropop,,3.63,4.28,18.88,5.13,5.98,20.64,16.35,0.99,1.83,8.43,21.77,27.37,22.87,1.75,,0.11,0.04,0.06,0.19,0.16,0.01,0.01,0.06,0.17,0.10,0.12,0.01,,0.86,0.85,0.86,0.85,0.90,0.97
P096,P_Babybird_IfYoull,24,43,0,If You'll Be Mine,Babybird,NA,1998,Pop,NA,,2.79,1.51,12.84,3.84,16.43,12.97,18.78,3.35,4.03,5.28,10.97,24.24,11.41,6.02,,0.07,0.03,0.15,0.13,0.16,0.04,0.04,0.03,0.07,0.10,0.05,0.04,,0.73,0.73,0.70,0.69,0.84,0.95
P097,P_GnarlsBarkley_Crazy,25,33,0,Crazy,Gnarls Barkley,NA,2006,Pop,R&B,,3.64,4.18,14.75,9.97,5.28,11.33,19.87,1.06,7.59,17.46,32.46,25.13,31.40,7.62,,0.08,0.08,0.04,0.11,0.15,0.03,0.07,0.15,0.27,0.09,0.21,0.06,,0.75,0.76,0.74,0.75,0.89,0.94
P098,P_LilyAllen_FuckYou,25,32,0,Fuck You,Lily Allen,NA,2009,Pop,NA,,3.38,3.09,14.26,0.78,1.78,12.38,16.06,0.00,7.63,23.28,34.20,22.65,33.50,7.10,,0.07,0.01,0.03,0.07,0.10,0.00,0.05,0.23,0.27,0.05,0.25,0.03,,0.84,0.85,0.82,0.83,0.93,0.94
P099,P_Pitbull_BetterO,25,34,0,Better On Me,Pitbull,NA,2017,Pop,NA,,2.65,1.44,6.40,5.50,12.27,8.27,17.27,1.80,9.38,11.07,26.68,20.82,24.49,8.66,,0.06,0.04,0.08,0.08,0.15,0.03,0.08,0.05,0.20,0.08,0.13,0.06,,0.67,0.68,0.70,0.71,0.85,0.84
P100,P_Beyonce_Halo,25,33,0,Halo,Beyonce,NA,2008,Pop,NA,,3.36,4.09,15.97,13.40,11.09,18.89,12.92,9.28,6.96,22.10,15.09,27.59,24.59,12.34,,0.10,0.11,0.09,0.17,0.10,0.11,0.05,0.19,0.11,0.11,0.15,0.07,,0.50,0.49,0.50,0.49,0.45,0.83
P101,P_ElleKing_ExsAndO,26,26,0,Ex's &Oh's,Elle King,NA,2015,Pop,Rock,,3.88,3.81,18.82,10.05,4.99,14.00,8.29,0.00,5.79,36.10,46.07,22.99,42.58,5.43,,0.09,0.07,0.04,0.11,0.06,0.00,0.03,0.29,0.47,0.07,0.39,0.02,,0.91,0.91,0.88,0.88,0.96,0.98
P102,P_BOBfeatBrunoMars_Nothing,26,26,0,Nothing On You,B.O.B. feat. Bruno Mars,NA,2010,Pop,Rap,,3.42,3.85,22.93,9.52,15.43,18.42,14.73,0.39,2.62,11.30,24.64,28.56,22.38,2.27,,0.11,0.06,0.12,0.14,0.13,0.03,0.04,0.08,0.22,0.11,0.15,0.03,,0.75,0.75,0.77,0.77,0.82,0.95
P103,P_Fiveforfighting_EasyTon,26,26,0,Easy Tonight,Five for fighting,NA,2000,Pop,Alternative/Indie,,2.92,1.04,7.58,12.84,14.98,23.77,16.75,3.86,6.36,8.09,15.69,22.22,16.27,7.39,,0.07,0.08,0.15,0.24,0.14,0.05,0.05,0.05,0.15,0.13,0.10,0.05,,0.61,0.61,0.60,0.61,0.73,0.83
P104,P_AvrilLavigne_Complic,26,26,1,Complicated,Avril Lavigne,NA,2002,Pop,NA,,3.81,4.19,10.05,12.76,7.03,39.80,12.49,7.41,3.65,18.56,28.32,31.26,27.38,7.94,,0.08,0.10,0.07,0.34,0.09,0.10,0.03,0.15,0.23,0.13,0.19,0.06,,0.76,0.77,0.78,0.78,0.90,0.93
P105,P_MileyCyrus_PartyIn,27,28,1,Party In The U.S.A,Miley Cyrus,NA,2009,Pop,NA,,3.25,3.36,21.28,5.60,3.73,14.14,12.85,1.05,6.04,19.14,41.73,25.50,36.35,6.47,,0.08,0.04,0.01,0.10,0.09,0.01,0.04,0.10,0.42,0.06,0.28,0.03,,0.91,0.91,0.91,0.91,0.92,0.94
P106,P_BeachBoys_Wouldnt,27,28,0,Wouldn't It Be Nice,The Beach Boys,NA,1966,Pop,Rock,,3.75,3.39,25.61,8.83,8.88,26.76,17.57,0.00,2.87,11.06,38.04,31.69,33.56,2.69,,0.13,0.04,0.06,0.21,0.13,0.00,0.01,0.06,0.35,0.11,0.22,0.01,,0.89,0.89,0.88,0.88,0.92,0.97
P107,P_Kodaline_HighHop,27,26,0,High Hopes,Kodaline,NA,2013,Pop,Indie Rock,,3.31,1.62,16.92,8.21,19.59,29.25,20.45,20.81,2.31,1.98,5.05,29.24,5.61,17.14,,0.07,0.06,0.19,0.32,0.16,0.30,0.01,0.02,0.03,0.15,0.02,0.12,,0.78,0.79,0.71,0.72,0.86,0.93
P108,P_Dido_WhiteFl,27,26,0,White Flag,Dido,NA,2003,Pop,NA,,3.5,3.31,6.26,11.51,18.72,25.95,26.23,5.92,4.70,2.12,11.01,27.79,10.51,7.27,,0.06,0.07,0.18,0.26,0.24,0.12,0.05,0.04,0.06,0.15,0.05,0.07,,0.71,0.71,0.72,0.72,0.86,0.92
P109,P_BonJovi_LivinOn,28,30,0,Livin On A Prayer,Bon Jovi,NA,1986,Pop,Rock,,3.67,4,15.83,8.87,4.20,16.17,5.40,0.00,5.45,31.44,32.50,25.05,37.19,5.07,,0.07,0.05,0.04,0.13,0.03,0.00,0.04,0.33,0.31,0.06,0.32,0.03,,0.87,0.87,0.87,0.87,0.93,0.97
P110,P_AmyMacdonald_MrRockA,28,30,0,Mr Rock & Roll,Amy Macdonald,NA,2007,Pop,"Singer-Songwriter, Folk",,3.17,2.63,10.21,2.18,11.58,16.73,10.64,2.84,3.19,5.05,25.46,18.93,22.50,5.37,,0.08,0.02,0.11,0.19,0.11,0.03,0.03,0.05,0.23,0.10,0.15,0.03,,0.72,0.72,0.76,0.74,0.89,0.89
P111,P_AliciaKeys_IfIAint,28,30,0,If I Ain't Got You,Alicia Keys,NA,2003,Pop,"R&B, Soul",,3.83,3.27,15.71,12.52,34.97,24.11,26.68,6.35,6.11,8.70,10.74,34.66,12.55,9.58,,0.13,0.11,0.33,0.27,0.26,0.09,0.04,0.07,0.07,0.21,0.07,0.06,,0.77,0.78,0.76,0.77,0.88,0.95
P112,P_DanielPowter_BadDay,28,30,0,Bad Day,Daniel Powter,NA,2005,Pop,NA,,3.67,4.37,15.43,4.84,22.89,28.54,19.85,5.44,0.48,7.78,24.23,32.95,23.43,4.50,,0.08,0.02,0.20,0.27,0.14,0.07,0.01,0.04,0.18,0.13,0.12,0.03,,0.75,0.76,0.74,0.75,0.88,0.96
P113,P_TalBachman_ShesSoH,29,36,0,Shes So High,Tal Bachman,NA,1999,Pop,Rock,,3.69,3.5,19.40,3.86,7.74,18.14,7.58,2.36,0.87,8.71,29.90,26.84,27.70,2.65,,0.10,0.02,0.06,0.17,0.05,0.03,0.01,0.06,0.27,0.08,0.17,0.01,,0.87,0.87,0.87,0.87,0.92,0.97
P114,P_Rihanna_Work,29,37,0,Work,Rihanna,NA,2016,Pop,Dancehall,,3,3.76,8.03,1.20,5.70,4.24,7.23,0.00,8.24,9.81,21.15,17.17,20.48,7.41,,0.03,0.01,0.04,0.03,0.04,0.00,0.09,0.04,0.16,0.03,0.11,0.06,,0.77,0.75,0.71,0.72,0.83,0.79
P115,P_DavidGray_PleaseF,29,37,0,Please Forgive me,David Gray,NA,1998,Pop,Singer-Songwriter,,2.95,1.78,10.32,7.05,4.12,9.91,12.42,0.00,5.74,3.96,11.45,20.94,11.99,5.31,,0.07,0.03,0.03,0.10,0.11,0.00,0.04,0.03,0.12,0.07,0.08,0.03,,0.53,0.51,0.46,0.44,0.68,0.90
P116,P_Paramore_TheOnly,29,37,0,The Only Exception,Paramore,NA,2009,Pop,NA,,3.32,2.7,8.70,5.41,10.74,20.14,15.92,9.36,3.05,3.24,9.78,26.64,10.01,9.18,,0.05,0.02,0.11,0.20,0.11,0.11,0.03,0.02,0.05,0.09,0.03,0.06,,0.73,0.74,0.71,0.73,0.74,0.92
P117,P_ImogenHeap_Goodnig,30,25,0,Goodnight And Go,Imogen Heap,NA,2005,Pop,NA,,2.6,1.28,8.42,4.12,10.52,4.97,10.60,0.00,8.66,3.36,13.08,16.38,13.56,7.89,,0.07,0.03,0.10,0.06,0.08,0.00,0.08,0.03,0.10,0.07,0.07,0.05,,0.43,0.32,0.39,0.31,0.53,0.37
P118,P_ArcticMonkeys_DoIWann,30,25,0,Do I Wanna Know,Arctic Monkeys,NA,2013,Pop,Britpop,,3.52,2.96,16.22,14.78,4.94,17.03,11.28,1.33,3.62,15.21,15.92,26.01,22.15,4.18,,0.09,0.10,0.06,0.16,0.08,0.04,0.03,0.13,0.13,0.09,0.13,0.04,,0.33,0.33,0.38,0.37,0.69,0.93
P119,P_NeilDiamond_IAmISai,30,25,0,I Am I Said,Neil Diamond,NA,1971,Pop,NA,,2.52,1.72,9.09,1.68,6.60,10.31,8.77,3.38,1.54,6.65,9.31,15.98,9.88,4.13,,0.06,0.02,0.05,0.14,0.08,0.05,0.01,0.06,0.07,0.07,0.07,0.03,,0.53,0.43,0.51,0.36,0.36,0.74
P120,P_AngusandJuliaStone_BigJetP,30,25,0,Big Jet Plane,Angus and Julia Stone,NA,2010,Pop,NA,,2.92,1.88,9.47,5.92,13.82,16.03,19.96,5.73,1.87,1.94,7.95,22.90,9.07,6.38,,0.06,0.05,0.10,0.17,0.18,0.07,0.02,0.01,0.05,0.11,0.03,0.04,,0.71,0.69,0.72,0.70,0.75,0.90
P121,P_GeorgeEzra_Budapes,31,21,0,Budapest,George Ezra,NA,2014,Pop,NA,,3.52,3.62,21.68,10.27,9.29,15.35,23.54,3.48,7.05,5.57,30.02,29.29,26.26,7.04,,0.10,0.06,0.06,0.16,0.19,0.05,0.08,0.05,0.24,0.11,0.15,0.07,,0.71,0.72,0.72,0.73,0.80,0.90
P122,P_MarvinGaye_SexualH,31,20,0,Sexual Healing,Marvin Gaye,NA,1982,Pop,Soul,,3.2,3.1,15.43,5.89,22.38,8.83,15.61,1.73,7.87,11.81,23.53,27.36,21.60,8.65,,0.13,0.03,0.19,0.09,0.11,0.03,0.06,0.06,0.18,0.11,0.13,0.05,,0.60,0.60,0.61,0.61,0.71,0.81
P123,P_Kooks_Naive,31,20,0,Naive,The Kooks,NA,2006,Pop,Indie,,3.55,3,16.03,11.66,11.54,24.68,18.97,0.00,2.07,11.59,27.36,29.63,26.23,1.89,,0.10,0.08,0.09,0.19,0.14,0.00,0.03,0.09,0.23,0.11,0.17,0.02,,0.65,0.65,0.70,0.70,0.82,0.95
P124,P_FrankOcean_Thinkin,31,21,0,Thinkin Bout You,Frank Ocean,NA,2012,Pop,NA,,2.67,2.19,10.35,3.74,10.46,14.76,18.31,4.89,11.37,0.00,11.57,20.53,10.71,14.43,,0.09,0.03,0.06,0.14,0.20,0.06,0.09,0.00,0.06,0.10,0.03,0.08,,0.57,0.52,0.59,0.55,0.57,0.26
P125,P_Genesis_ICantDa,32,23,0,I Can't Dance,Genesis,NA,1991,Pop,NA,,2.65,2.61,2.78,4.14,1.96,6.44,6.32,0.00,5.76,13.90,21.69,11.95,20.23,5.27,,0.04,0.04,0.04,0.08,0.05,0.00,0.05,0.10,0.22,0.05,0.16,0.03,,0.66,0.61,0.72,0.67,0.81,0.77
P126,P_BlackEyedPeas_IGottaF,32,23,0,I Gotta Feeling,Black Eyed Peas,NA,2009,Pop,NA,,3.7,4.57,22.65,5.87,2.47,20.01,5.45,0.00,7.39,27.75,46.35,26.73,41.64,6.78,,0.12,0.04,0.04,0.13,0.03,0.00,0.06,0.15,0.38,0.07,0.27,0.04,,0.91,0.91,0.91,0.92,0.94,0.94
P127,P_Shakira_Underne,32,23,0,Underneath your clothes,Shakira,NA,2001,Pop,NA,,2.78,2.48,8.19,3.99,16.78,18.19,20.92,3.71,1.23,1.46,11.46,21.99,11.95,3.10,,0.04,0.03,0.13,0.15,0.17,0.10,0.02,0.01,0.06,0.10,0.04,0.05,,0.56,0.55,0.50,0.50,0.80,0.88
P128,P_JamesMorrison_IWontLe,32,23,0,I Won't Let You Go,James Morrison,NA,2011,Pop,NA,,3,2.7,7.41,4.43,18.30,16.83,17.99,5.39,2.77,1.93,8.64,23.67,8.15,6.94,,0.05,0.03,0.17,0.17,0.16,0.06,0.02,0.01,0.06,0.11,0.04,0.03,,0.71,0.69,0.63,0.62,0.76,0.89
P129,P_LianneLaHavas_WhatYou,33,27,0,What You Don't Do,Lianne La Havas,NA,2015,Pop,NA,,2.93,1.22,11.98,5.29,10.32,2.06,8.79,0.00,5.65,10.19,21.61,20.12,22.11,5.13,,0.09,0.03,0.07,0.03,0.07,0.00,0.04,0.08,0.15,0.06,0.12,0.03,,0.69,0.68,0.69,0.67,0.78,0.89
P131,P_Maggiereilly_Everyti,33,27,0,Everytime We Touch,Maggie reilly,NA,1992,Pop,NA,,3.11,3.52,8.20,1.92,15.60,15.73,15.24,2.22,7.07,6.33,11.90,24.10,12.60,8.50,,0.04,0.01,0.17,0.19,0.14,0.03,0.03,0.04,0.09,0.10,0.07,0.03,,0.69,0.67,0.62,0.60,0.69,0.83
P132,P_Akon_Lonely,33,27,0,Lonely,Akon,NA,2004,Pop,NA,,3.7,3.82,13.64,2.14,10.93,24.86,11.95,16.04,1.78,2.00,16.03,26.20,14.70,13.58,,0.06,0.01,0.07,0.28,0.09,0.19,0.03,0.01,0.12,0.09,0.07,0.09,,0.74,0.75,0.71,0.72,0.83,0.79
P133,P_TameImpala_TheLess,34,32,0,The Less I Know The Better,Tame Impala,NA,2015,Pop,NA,,2.97,2.28,14.54,5.10,12.06,19.30,25.56,1.91,3.25,6.05,17.71,26.34,18.00,4.54,,0.07,0.04,0.11,0.21,0.24,0.03,0.03,0.06,0.19,0.13,0.13,0.03,,0.79,0.79,0.80,0.81,0.88,0.95
P134,P_BagRaiders_Shootin,34,31,0,Shooting Stars,Bag Raiders,NA,2010,Pop,Dance,,3.32,2.94,19.07,5.80,6.94,15.17,17.66,0.22,7.27,9.08,32.65,21.83,28.91,6.88,,0.10,0.05,0.05,0.15,0.14,0.01,0.07,0.08,0.31,0.09,0.20,0.05,,0.79,0.80,0.82,0.82,0.91,0.93
P135,P_GaryJules_MadWorl,34,33,0,Mad World,Gary Jules,NA,1982,Pop,NA,,3.76,4.58,15.38,9.08,9.22,40.33,16.79,29.94,4.10,0.98,2.16,32.26,2.91,24.33,,0.09,0.06,0.07,0.44,0.18,0.36,0.05,0.01,0.01,0.15,0.01,0.17,,0.89,0.89,0.89,0.89,0.94,0.97
P136,P_MarkRonson_UptownF,35,31,0,Uptown Funk,Mark Ronson,ft. Bruno Mars,2014,Pop,NA,,3.45,4.29,19.70,5.93,1.68,7.10,17.02,0.00,6.57,32.14,47.74,24.22,43.36,5.75,,0.09,0.03,0.01,0.07,0.08,0.00,0.07,0.19,0.42,0.05,0.32,0.04,,0.93,0.93,0.93,0.93,0.96,0.96
P137,P_Beatles_LetItBe,35,31,0,Let It Be,The Beatles,NA,1970,Pop,Rock,,3.68,3.94,19.89,15.58,23.23,38.24,33.21,5.87,0.99,6.62,13.48,38.32,13.26,5.24,,0.12,0.09,0.16,0.34,0.28,0.09,0.01,0.04,0.07,0.19,0.06,0.04,,0.84,0.84,0.84,0.84,0.93,0.97
P138,P_EricClapton_TearsIn,35,31,0,Tears In Heaven,Eric Clapton,NA,1992,Pop,NA,,3.55,3.1,20.58,17.93,23.74,39.12,27.36,19.84,1.26,2.94,3.86,38.41,4.39,15.56,,0.11,0.09,0.20,0.33,0.26,0.24,0.01,0.01,0.02,0.19,0.02,0.09,,0.83,0.83,0.81,0.81,0.92,0.97
P139,P_LolaMarsh_Wishing,36,27,0,Wishing Girl,Lola Marsh,NA,2017,Pop,Folk-Pop,,2.81,1.82,9.07,9.91,8.35,6.11,15.37,0.35,5.42,4.13,13.88,19.64,12.03,4.33,,0.06,0.08,0.06,0.06,0.14,0.03,0.07,0.02,0.14,0.08,0.09,0.05,,0.57,0.56,0.59,0.54,0.70,0.89
P140,P_Bilderbuch_Maschin,36,27,0,Maschin,Bilderbuch,NA,2015,Pop,Alternativ,,2.3,1.89,7.28,2.44,2.53,5.07,9.92,0.00,10.48,10.14,20.14,12.55,18.63,9.69,,0.07,0.03,0.03,0.06,0.06,0.00,0.09,0.11,0.22,0.05,0.17,0.06,,0.71,0.70,0.72,0.72,0.84,0.65
P141,P_FletwoodMac_Dreams,36,27,0,Dreams,Fletwood Mac,NA,1977,Pop,NA,,3.52,2.93,12.04,9.35,17.41,22.00,22.82,1.36,1.71,3.24,14.06,26.70,13.38,2.18,,0.11,0.07,0.21,0.23,0.21,0.03,0.02,0.02,0.09,0.16,0.05,0.02,,0.71,0.72,0.69,0.71,0.88,0.96
P142,P_Oasis_DontLoo,36,27,0,Don't Look Back In Anger,Oasis,NA,1995,Pop,Rock,,3.44,3.89,10.31,7.60,14.10,31.85,15.00,10.03,6.56,3.99,18.47,26.27,17.74,11.55,,0.06,0.04,0.14,0.29,0.15,0.14,0.04,0.03,0.13,0.12,0.08,0.08,,0.64,0.65,0.65,0.66,0.84,0.79
P143,P_DerJungemitderGitarre_HalloWo,37,29,0,Hallo Worum Gehts Ich Bin Dagegen,Der Junge mit der Gitarre,NA,2002,Pop,Alternative Indie,,2.31,1.28,11.20,8.11,0.00,0.00,4.20,1.33,8.74,15.02,27.52,13.45,30.34,9.19,,0.07,0.05,0.00,0.00,0.03,0.01,0.07,0.10,0.22,0.03,0.17,0.05,,0.76,0.77,0.76,0.77,0.89,0.91
P144,P_ChrisBrown_Forever,37,29,0,Forever,Chris Brown,NA,2007,Pop,R&B,,2.86,2.48,17.44,1.79,10.42,10.14,5.66,0.00,9.63,11.26,26.20,22.56,24.38,8.71,,0.10,0.01,0.06,0.10,0.04,0.00,0.06,0.06,0.22,0.06,0.15,0.04,,0.80,0.79,0.77,0.77,0.81,0.76
P145,P_RyanAdams_LuckyNo,29,0,Lucky Now,Ryan Adams,NA,2011,Pop,"Alternative/Indie, Rock",,14.44,2.72,1.28,9.07,17.13,13.75,30.12,3.42,9.06,4.26,16.12,29.92,15.01,11.20,,0.09,0.05,0.10,0.10,0.25,0.07,0.05,0.02,0.09,0.11,0.06,0.06,1.28,0.52,0.68,0.69,0.69,0.79,0.86,
P146,P_AmyWinehouse_BackToB,29,0,Back To Black,Amy Winehouse,NA,2006,Pop,Soul Jazz,,16.98,3.83,3.97,11.66,17.91,29.96,17.17,4.97,1.66,10.72,16.15,32.93,19.90,5.70,,0.12,0.05,0.15,0.26,0.10,0.06,0.01,0.07,0.10,0.13,0.09,0.03,3.97,0.20,0.55,0.51,0.48,0.79,0.93,
,,,,,,,,,,,,,,,,,,,,,,,,,,,,,,,,,,,,,,,,,,,,,
,,,,,,,,,,,,,,,,,,,,,,,,,,,,,,,,,,,,,,,,,,,,,
